Date,Location,MinTemp,MaxTemp,Rainfall,Evaporation,Sunshine,WindGustDir,WindGustSpeed,WindDir9am,WindDir3pm,WindSpeed9am,WindSpeed3pm,Humidity9am,Humidity3pm,Pressure9am,Pressure3pm,Cloud9am,Cloud3pm,Temp9am,Temp3pm,RainToday
9/27/2015,PerthAirport,11.5,25.9,0,5.8,11.1,E,69,E,E,46,19,54,30,1023,1018.9,1,2,17.3,25.4,No
9/28/2015,PerthAirport,12.9,28,0,5.2,11.1,ENE,41,ENE,WSW,20,20,54,39,1017.3,1014.2,1,2,18.9,24.4,No
9/29/2015,PerthAirport,11.5,22.8,0,5,9.8,WSW,35,NNW,WSW,6,19,71,38,1018.2,1018,6,2,17.5,21.6,No
9/30/2015,PerthAirport,9.2,24.5,0,5.2,10.8,WSW,31,NNE,WSW,13,19,69,50,1024.7,1023.1,1,1,18.8,23.4,No
10/1/2015,PerthAirport,10.9,33.5,0,4.4,11.2,N,39,NE,WNW,17,19,44,25,1022.2,1019.4,0,0,23.1,27.6,No
10/2/2015,PerthAirport,10.9,28.3,0,6.4,5.4,NNW,28,NNE,W,11,15,40,19,1021.1,1017.8,7,7,20,27.2,No
10/3/2015,PerthAirport,13.1,25.5,0.2,4.2,10.1,WNW,41,NNE,WNW,4,24,77,54,1022.2,1021.4,7,4,19.9,24.2,No
10/4/2015,PerthAirport,15.6,24.1,0,3.6,6.9,NNW,41,N,WNW,15,28,79,58,1020.5,1018.5,5,7,20.5,21.8,No
10/5/2015,PerthAirport,15.9,20.2,1.6,7.4,8.4,SW,59,W,SW,30,33,51,45,1019,1020.8,5,7,19.3,18.4,Yes
10/6/2015,PerthAirport,4.9,21.6,0,5.2,11.2,NE,46,E,SE,22,15,41,22,1029.8,1026.1,1,0,14.1,20.9,No
10/7/2015,PerthAirport,7.6,27.6,0,5.8,11.2,ENE,50,ENE,ENE,31,17,25,12,1024.7,1019.5,2,5,19.1,26.9,No
10/8/2015,PerthAirport,9,30.2,0,6.6,11.6,SW,35,ENE,SW,15,26,24,28,1021.8,1018.7,1,1,23.7,29.1,No
10/9/2015,PerthAirport,12.7,34.7,0,7.4,11.7,ENE,33,ENE,WSW,7,20,28,24,1021.8,1018.9,0,1,25.9,30.7,No
10/10/2015,PerthAirport,12,33.2,0,8,11.2,W,31,SSW,WSW,7,19,47,32,1022.9,1019.8,2,1,23,32,No
10/11/2015,PerthAirport,16.5,32.9,0,7.8,9.9,E,43,ENE,E,20,17,48,24,1021.7,1018.5,2,2,24,32.5,No
10/12/2015,PerthAirport,18.1,33.5,0,8.2,11.8,ENE,43,E,WSW,4,22,42,26,1018.8,1014.7,1,1,24.7,30.6,No
10/13/2015,PerthAirport,13.1,32.4,0,7,9.5,SW,50,N,W,9,17,70,38,1014.6,1011.3,1,1,19.6,26.2,No
10/14/2015,PerthAirport,12.9,21.9,0.4,6.6,5.8,W,41,SW,WSW,20,26,82,60,1014.3,1014.1,8,7,18.5,19.8,No
10/15/2015,PerthAirport,8,20.5,1.8,5.6,9.4,SW,37,S,SW,22,22,50,35,1022.7,1021.2,7,2,16.7,18.6,Yes
10/16/2015,PerthAirport,3.7,22.7,0,3.8,12,SW,41,S,WSW,15,24,40,32,1024.1,1020.3,1,0,18.2,22.3,No
10/17/2015,PerthAirport,6.3,30.1,0,6.8,12.1,ENE,37,ENE,W,20,24,39,23,1017.8,1013.1,0,1,21,28.1,No
10/18/2015,PerthAirport,10.1,22.7,0,7.2,5.7,WNW,43,WSW,NW,24,24,50,63,1017.4,1017,6,7,20.1,19.4,No
10/19/2015,PerthAirport,8,22.4,1,4.2,10.2,WNW,41,SSE,WSW,17,22,56,42,1022.9,1020.7,3,1,17.3,21.3,No
10/20/2015,PerthAirport,7.1,28.4,0,5.8,12,S,43,ENE,W,17,19,44,32,1021.8,1018,0,0,20.7,27.2,No
10/21/2015,PerthAirport,11.4,32.9,0,8.8,12.3,ENE,35,ENE,WSW,20,22,38,32,1017.4,1014.5,0,0,23.9,29.9,No
10/22/2015,PerthAirport,11.4,24.2,0,7,5.3,WSW,33,WSW,W,6,17,74,63,1014.3,1014.3,7,7,20.4,22.1,No
10/23/2015,PerthAirport,16.2,22.5,0,5,6.6,SW,41,WSW,SW,24,28,64,56,1016.5,1016.1,7,7,20,20.9,No
10/24/2015,PerthAirport,12.6,25,0,4.8,6.3,SE,41,SSW,SSW,11,24,64,39,1020.1,1016.7,7,4,18.7,24.3,No
10/25/2015,PerthAirport,15.2,24.5,0,5.6,8.8,ESE,65,SE,SE,13,20,48,43,1019.8,1017.1,3,5,19.3,23.3,No
10/26/2015,PerthAirport,14.9,28.5,0.6,6.4,12,E,48,E,E,22,15,55,34,1019,1015.2,2,1,20.3,27.7,No
10/27/2015,PerthAirport,15.2,27.3,0,8,5.6,E,56,ESE,S,28,15,56,37,1015.9,1013,7,8,20.5,26.6,No
10/28/2015,PerthAirport,17.7,27.2,2.6,5,11.1,E,48,NE,WSW,15,22,69,48,1014.9,1013.6,3,2,21.9,25.4,Yes
10/29/2015,PerthAirport,15.4,26.6,0,7.2,10.1,WNW,31,NW,SW,13,19,72,59,1016.2,1014,8,0,21.2,25.2,No
10/30/2015,PerthAirport,16.8,27.7,0,5.2,5.8,W,37,N,WNW,17,24,61,52,1016.1,1014.9,5,7,22.4,25.1,No
10/31/2015,PerthAirport,16,24.8,11,5,10.8,W,35,WNW,W,11,24,69,47,1016.6,1015.3,7,3,21.8,24.3,Yes
11/1/2015,PerthAirport,11.1,26.1,0,7,6.9,W,31,E,W,17,20,72,37,1014.1,1008.5,7,3,17.5,25.4,No
11/2/2015,PerthAirport,13.9,23.4,14.8,5.6,10.3,W,39,SSW,W,13,28,69,55,1010.6,1011.9,4,4,18.1,22.6,Yes
11/3/2015,PerthAirport,14.8,26.2,0,5.8,12.6,W,35,NE,WSW,11,22,49,40,1018.8,1016,0,1,20.8,25.3,No
11/4/2015,PerthAirport,13,25.6,0,7.2,12.2,W,33,SW,W,7,24,58,42,1015.6,1011.1,1,1,20.1,23.9,No
11/5/2015,PerthAirport,10,24.5,0,7,9,WSW,37,SW,WSW,13,20,57,50,1008.2,1006.4,6,7,20.8,22,No
11/6/2015,PerthAirport,15,26.6,0,6,8.3,SSW,44,S,SW,15,28,57,50,1007.2,1003.6,7,3,19.9,25,No
11/7/2015,PerthAirport,17.3,24.1,1.2,7.4,4,S,39,SSW,SW,24,22,63,49,1013.6,1013.3,8,6,18.8,23.5,Yes
11/8/2015,PerthAirport,13.6,26.2,0,4.2,12.7,SW,44,S,SW,11,33,57,47,1019,1016.7,0,1,20.1,24.2,No
11/9/2015,PerthAirport,14.7,30.4,0,7,12.4,E,52,S,SW,13,30,58,40,1019.7,1016,1,2,22.6,28.1,No
11/10/2015,PerthAirport,17.1,32.1,0,8.6,12.8,ENE,54,ENE,WSW,22,24,45,37,1017.2,1014.3,3,6,25.2,29.8,No
11/11/2015,PerthAirport,11.5,30.5,0,8.6,12.6,WSW,35,SSW,SW,9,24,59,29,1017.1,1014.9,0,1,22.8,29.8,No
11/12/2015,PerthAirport,14.8,34.8,0,8.6,11.9,W,39,E,WSW,19,24,46,36,1019.1,1016.8,5,5,24.9,31.4,No
11/13/2015,PerthAirport,19.7,36.1,0,10.8,12.6,E,69,E,WSW,26,22,36,21,1018.3,1014.4,1,1,26.6,35.4,No
11/14/2015,PerthAirport,21.9,39.2,0,8,12.6,E,56,NNE,W,24,28,23,21,1012.2,1008.5,1,1,33.8,35.2,No
11/15/2015,PerthAirport,18.7,32.5,0,13.2,12.2,WSW,37,S,SW,13,26,40,38,1012.5,1011.7,1,0,27.6,29.4,No
11/16/2015,PerthAirport,12.9,32.5,0,10.8,13.1,ENE,30,NE,W,11,13,37,17,1012.3,1009.1,0,0,25.9,31.3,No
11/17/2015,PerthAirport,14,26.2,0,10.8,9,W,52,WNW,WNW,20,31,65,56,1006.1,1008.7,1,7,24.2,23.4,No
11/18/2015,PerthAirport,16.3,21.8,0.8,7.2,8.5,WSW,50,W,WSW,28,24,38,58,1015.9,1016.3,6,7,20.9,18.3,No
11/19/2015,PerthAirport,8.8,22.8,0.6,6.2,12.7,WSW,48,SW,SW,19,26,42,33,1023.3,1022.3,3,1,18.9,21,No
11/20/2015,PerthAirport,12.9,30.1,0,7.6,13.1,E,56,E,E,26,15,39,15,1026.1,1020.5,1,6,19.9,29.5,No
11/21/2015,PerthAirport,15.4,34.8,0,11,12.9,E,76,NE,NE,31,20,28,10,1021,1016.5,3,3,24.5,33.9,No
11/22/2015,PerthAirport,21.8,36.2,0,12.2,11.9,E,61,NNE,NW,31,30,14,12,1014.9,1013.2,6,0,31.2,33.4,No
11/23/2015,PerthAirport,15.3,28.6,0,10,11.5,NNW,35,NW,W,9,17,67,48,1014.8,1012.3,4,5,23.2,26.3,No
11/24/2015,PerthAirport,16.6,27.1,0,7.8,12.5,WSW,48,SSW,WSW,24,33,57,42,1015.2,1012.5,5,1,22.6,26.3,No
11/25/2015,PerthAirport,14.7,26.5,0,10.4,13.2,SE,48,S,SW,13,30,50,39,1017.3,1013.8,1,1,21.1,25.5,No
11/26/2015,PerthAirport,14.3,31,0,9.8,12,E,50,E,E,30,13,38,22,1017.6,1012.1,1,6,21.2,30,No
11/27/2015,PerthAirport,16.9,31.5,0,9,13,ESE,33,N,W,11,22,37,34,1012.3,1009.8,2,,25.5,29.4,No
11/28/2015,PerthAirport,16.3,28.7,0,9.8,12.6,W,37,SSE,W,9,24,45,47,1014.6,1013.5,2,1,23.8,26.6,No
11/29/2015,PerthAirport,13.7,27.1,0,8.6,13,SW,50,SW,SW,7,33,50,44,1016.2,1014.8,3,1,22.9,24.4,No
11/30/2015,PerthAirport,12.1,25.7,0,9.8,13.2,SSE,41,SSE,SW,26,37,47,37,1020.3,1016.9,4,0,19.6,23.4,No
12/1/2015,PerthAirport,13.9,29.1,0,12,13.1,,,E,ESE,28,20,37,17,1021.8,1017.2,0,0,19.7,28.2,No
12/2/2015,PerthAirport,15.9,36.2,0,10.2,9.1,ESE,56,ENE,ENE,31,15,31,16,1015.8,1009.5,6,7,24.3,35,No
12/3/2015,PerthAirport,22.6,30.3,0,9.4,9.8,SW,41,NW,WSW,9,26,38,43,1009.1,1008.9,2,7,28.2,26.3,No
12/4/2015,PerthAirport,16.3,25,0,10.8,9.1,WSW,46,SSW,SW,20,30,53,44,1012.3,1011.4,7,5,21.2,23.4,No
12/5/2015,PerthAirport,12.7,18.9,4.8,7.6,4.3,W,54,SSW,SSE,20,9,73,64,1012.5,1011.5,7,7,15.3,16.2,Yes
12/6/2015,PerthAirport,11.3,21.7,11,4.8,1.9,SW,52,W,WSW,24,28,89,67,1013.2,1013.5,7,7,17.3,20.3,Yes
12/7/2015,PerthAirport,12.7,23.4,1.6,2.8,11.5,SW,54,SW,SW,26,35,54,48,1018.1,1017.4,6,4,19.8,21.4,Yes
12/8/2015,PerthAirport,8.3,24.7,0,8,12.9,WSW,43,SSE,SW,13,28,50,42,1020.8,1018.4,3,0,18.7,22.8,No
12/9/2015,PerthAirport,13.1,25.1,0,7.8,12.1,W,39,SSW,W,13,26,51,48,1020.3,1017.3,2,5,21.3,23.4,No
12/10/2015,PerthAirport,13.9,27.8,0,8,13.1,SW,44,SE,SW,19,33,44,35,1020.2,1017.2,1,1,21.6,26.2,No
12/11/2015,PerthAirport,15.9,32.5,0,11.2,12.7,E,69,ENE,WSW,26,31,33,26,1019.2,1013.9,1,2,22.6,30.2,No
12/12/2015,PerthAirport,16,29.4,0,7.8,6.2,WSW,43,SSW,SW,13,30,45,32,1011.6,1010.5,8,8,25,27.1,No
12/13/2015,PerthAirport,15,26.1,0,6.8,12.1,W,39,S,WSW,17,24,56,51,1014.6,1012.9,4,1,22.6,24,No
12/14/2015,PerthAirport,13,26,0,6.6,13.3,SW,46,NW,SW,6,24,54,43,1014.7,1013.2,1,1,22.4,25.5,No
12/15/2015,PerthAirport,12.3,28.7,0,8.8,13.3,W,37,WNW,W,9,24,49,49,1013.3,1011.7,0,0,23.5,25.8,No
12/16/2015,PerthAirport,15.9,27.6,0,8.8,12.9,SW,48,S,SW,19,35,51,49,1014.7,1012.5,3,1,22.1,25.5,No
12/17/2015,PerthAirport,16.6,29.7,0,10,13,SSW,43,SSW,W,13,26,45,42,1013.3,1009.4,3,1,24.7,28.3,No
12/18/2015,PerthAirport,17,26.5,0,9.2,12.8,SW,54,WNW,SSW,7,41,48,50,1009.6,1008.9,4,3,23.2,24.2,No
12/19/2015,PerthAirport,14.3,23.8,0,11,13.2,WSW,54,S,SW,35,35,30,33,1014.8,1012.1,5,2,19.9,21.9,No
12/20/2015,PerthAirport,15.3,30,0,10.6,11.5,ENE,56,E,E,31,17,41,16,1015.2,1009.9,5,1,19.4,29.1,No
12/21/2015,PerthAirport,17.8,36.3,0,11.8,12.5,E,61,ENE,SW,28,37,28,20,1010.4,1007.5,1,1,27.5,33.8,No
12/22/2015,PerthAirport,23.1,39.8,0,12.2,13,SW,46,E,SW,15,31,31,22,1011.8,1008.8,0,2,31.7,37.2,No
12/23/2015,PerthAirport,21.7,40,0,12,12.8,SW,48,ENE,WSW,28,33,34,27,1010.2,1005.8,1,2,32.6,35.8,No
12/24/2015,PerthAirport,18.1,27.9,0,12,13,SW,56,SSW,SW,33,37,51,47,1010.7,1009.9,1,0,22.7,24.9,No
12/25/2015,PerthAirport,12.1,30.3,0,12.6,13.1,ESE,48,ESE,E,24,15,39,14,1018.2,1014.7,0,0,19.7,28.8,No
12/26/2015,PerthAirport,14.4,33.9,0,11.8,13.3,E,57,E,S,31,13,32,14,1016.7,1012.4,0,0,21.6,33.4,No
12/27/2015,PerthAirport,16.9,38.7,0,11.8,13.2,E,44,NE,WSW,22,22,14,10,1014.7,1012.2,0,0,30.3,37,No
12/28/2015,PerthAirport,20,41.7,0,12.4,13.2,ENE,39,NNE,SW,24,28,9,9,1013.9,1010.5,0,1,35.4,40.2,No
12/29/2015,PerthAirport,22.4,36.9,0,15.2,10.1,W,35,NNE,W,19,24,9,39,1008,1007.2,6,7,35.7,30.5,No
12/30/2015,PerthAirport,21,32.2,0,10.8,7.2,E,59,SE,W,19,24,45,40,1011,1008.9,3,7,23.6,29.4,No
12/31/2015,PerthAirport,17.8,32.2,0,9,12.9,ESE,67,E,ESE,33,19,44,21,1015,1011.9,1,1,22.4,31.4,No
1/1/2016,PerthAirport,16.8,35,0,13.2,12.2,E,85,E,E,35,28,43,20,1016,1010.8,3,7,22.5,33.1,No
1/2/2016,PerthAirport,19.5,36.6,1.2,13.2,11.4,E,59,ENE,SSE,37,15,48,25,1011,1007.8,2,1,25.5,35.8,Yes
1/3/2016,PerthAirport,22.5,37.4,0,10.8,12.3,E,41,ESE,WSW,11,30,41,34,1012.1,1009,4,4,28.5,34.8,No
1/4/2016,PerthAirport,24,31.4,0,13.4,4.2,W,37,S,WSW,9,20,39,38,1010.9,1010.1,8,7,29.4,30.2,No
1/5/2016,PerthAirport,20.2,30.2,0,7,10.3,NW,37,NNE,W,13,20,66,54,1012.2,1010.3,6,1,24.1,28.6,No
1/6/2016,PerthAirport,19,34.9,0,6.4,12.6,WSW,37,NNE,WSW,9,24,49,48,1014.7,1012.4,0,1,27.7,30.1,No
1/7/2016,PerthAirport,22.2,43,0,11.8,12.6,E,57,NE,E,33,24,22,15,1014.7,1009.9,1,5,33.4,36.6,No
1/8/2016,PerthAirport,26.5,37.4,0.2,15.4,6.1,ESE,61,E,E,30,43,40,24,1012.5,1010.9,6,7,27.5,34.6,No
1/9/2016,PerthAirport,17.5,35.5,0,10.4,11.6,WNW,41,NNE,WNW,11,28,38,31,1012.4,1008.9,1,5,29.5,34.3,No
1/10/2016,PerthAirport,20.8,25.9,0,9.6,4.7,SW,39,WSW,WSW,17,22,64,48,1013,1012.5,7,5,22.9,25.4,No
1/11/2016,PerthAirport,14.7,27.6,0,5.4,7.9,WSW,35,N,WSW,13,22,66,51,1013,1011.7,4,3,22.8,25.9,No
1/12/2016,PerthAirport,17.6,26.9,0,7,7,SW,41,WSW,SW,22,24,69,48,1014.2,1014.3,7,5,22.9,26.4,No
1/13/2016,PerthAirport,15,31.4,0,8.8,13.3,E,57,E,SE,33,22,41,16,1023.4,1019.8,6,1,21.1,29.8,No
1/14/2016,PerthAirport,16,34.1,0,12.4,13.2,ESE,61,E,ENE,33,28,36,15,1023.8,1018.4,1,1,22.2,33.2,No
1/15/2016,PerthAirport,18.7,36.7,0,13.4,11.6,E,56,NE,WSW,33,7,23,11,1019,1014.8,1,3,29.6,35.8,No
1/16/2016,PerthAirport,22,38.6,0,11.4,8.4,NNE,41,NNE,W,28,17,22,19,1013.8,1011.1,7,6,32.5,35.6,No
1/17/2016,PerthAirport,17.6,31.3,0,9.6,9.2,W,33,SW,W,9,20,43,43,1010.6,1006.8,5,7,28,29.8,No
1/18/2016,PerthAirport,19.5,23.9,0,8,2.9,WNW,35,WNW,WSW,20,17,76,55,1006.2,1004.7,8,7,20.6,22.9,No
1/19/2016,PerthAirport,12.8,25.9,0,5.2,5.5,NNE,44,NE,ESE,24,11,60,37,1005.4,1003.4,6,5,19,25.3,No
1/20/2016,PerthAirport,13.9,25.6,3.4,3.1,9,WSW,37,NNE,W,9,24,75,50,1008.5,1007.1,2,7,19.1,24.4,Yes
1/21/2016,PerthAirport,16.5,28.4,0,6.4,8.6,SSW,41,S,SW,17,26,60,48,1014,1012.7,7,3,22.1,27.1,No
1/22/2016,PerthAirport,16.5,30.4,0,8.2,13.1,ENE,39,E,SW,24,28,46,38,1018.2,1014.8,1,1,22.3,28.1,No
1/23/2016,PerthAirport,17.6,36,0,10,11.1,E,52,ENE,SSW,24,26,40,29,1014.9,1011.1,1,2,27.2,33.7,No
1/24/2016,PerthAirport,18.9,36.2,1.4,9.4,12.8,E,39,E,WSW,20,26,54,37,1015.4,1011.2,1,4,27.4,34.3,Yes
1/25/2016,PerthAirport,20.5,33.9,9.2,10.6,9.2,E,41,ENE,SW,28,15,70,48,1010.7,1007.9,5,2,24.8,32.9,Yes
1/26/2016,PerthAirport,21.1,33.9,0.2,6.6,11.6,ESE,46,ENE,S,19,13,59,36,1012.6,1010.3,3,4,26.5,33.2,No
1/27/2016,PerthAirport,21.1,33.8,0,11.4,11.1,E,46,ESE,SSE,20,26,49,27,1015.9,1013.2,7,7,24.8,33,No
1/28/2016,PerthAirport,17.4,34.4,0,11.2,11.9,E,65,E,ESE,35,26,47,23,1017,1013.5,1,3,23.1,33.8,No
1/29/2016,PerthAirport,19.1,37.4,0,12.6,11.2,E,70,ENE,ENE,30,26,43,18,1013.3,1008.7,7,4,24.9,36.7,No
1/30/2016,PerthAirport,24.6,26.1,0,15.8,1.3,E,59,ENE,ESE,17,13,40,82,1006.4,1006.1,7,8,25.9,20.4,No
1/31/2016,PerthAirport,19.3,25.3,7.8,14.4,3.9,SSW,61,SSW,S,19,43,72,65,1001.7,1002.8,7,7,22.9,20.6,Yes
2/1/2016,PerthAirport,7.1,23.1,0,5.6,11.9,S,50,SSE,SW,20,30,41,32,1011.9,1010.5,1,2,18,22,No
2/2/2016,PerthAirport,9.7,27.7,0,7.2,12.7,W,39,SSE,WSW,13,24,36,41,1019.1,1015.6,0,0,19.8,24.9,No
2/3/2016,PerthAirport,15,32.3,0,8.8,12.8,E,52,E,ESE,31,13,40,19,1020.6,1017,0,1,22.9,30.5,No
2/4/2016,PerthAirport,15.3,35,0,9.2,12.6,E,54,ENE,E,31,11,37,16,1019.2,1014.4,1,0,25.4,33.7,No
2/5/2016,PerthAirport,16.1,36.8,0,11.4,12.7,WSW,46,NNE,SW,13,33,27,19,1015.1,1012.7,0,0,29.1,32.8,No
2/6/2016,PerthAirport,18.4,34.4,0,11.8,12.7,WSW,37,ENE,SW,17,26,38,29,1015.3,1013.2,0,1,27.7,32.5,No
2/7/2016,PerthAirport,19.9,40.1,0,12,12.7,ENE,48,ENE,ENE,30,11,43,10,1016,1013,0,1,26.8,39,No
2/8/2016,PerthAirport,20.7,42.6,0,13.2,12.5,NNE,41,NE,NNW,28,15,12,7,1015.9,1012.2,0,0,34.5,41.9,No
2/9/2016,PerthAirport,20.9,42.5,0,13.4,12.6,WSW,37,NE,W,13,22,16,9,1014.8,1012,0,0,33.9,39.7,No
2/10/2016,PerthAirport,21,42.7,0,12,12.5,WSW,35,NE,WSW,15,19,28,16,1013.8,1011,1,1,30.7,37.5,No
2/11/2016,PerthAirport,19,35.2,0,11.8,12.3,SW,33,N,WSW,6,19,53,34,1013,1011.1,0,1,28.1,33.6,No
2/12/2016,PerthAirport,18.8,31.4,0,9.8,12.4,SW,43,SSW,SW,13,28,63,40,1017.3,1015.2,1,1,24.8,30,No
2/13/2016,PerthAirport,19.4,31.6,0,10,12.5,SSW,39,SE,SSE,20,20,50,19,1021.3,1017.4,1,0,23.3,31.2,No
2/14/2016,PerthAirport,16.6,31.9,0,9.6,12,ESE,54,E,E,24,17,42,20,1021.5,1017.3,3,1,21.9,31.4,No
2/15/2016,PerthAirport,17.6,34,0,11.8,12.1,,,E,ESE,43,31,43,18,1021.1,1016.3,0,1,23,33,No
2/16/2016,PerthAirport,19.2,39.5,0,10.6,11.5,E,69,NE,NNE,35,15,27,14,1016.4,1012.1,2,1,26.9,38.1,No
2/17/2016,PerthAirport,21.1,34.3,0,9.2,12.4,SW,39,NNW,WSW,11,28,20,45,1012.4,1011.7,1,1,31.7,29,No
2/18/2016,PerthAirport,18.3,31.7,0,11.4,10,ESE,50,SE,SSE,24,17,51,31,1016.8,1013.7,6,6,23.7,30.3,No
2/19/2016,PerthAirport,19.8,31,0,9,12.1,E,76,ESE,ESE,30,31,45,28,1016.3,1012.1,1,3,24.3,30.2,No
2/20/2016,PerthAirport,18.8,33.8,0,11.2,10.3,E,74,ENE,WSW,22,28,45,29,1012.1,1007.6,1,3,25.8,32.7,No
2/21/2016,PerthAirport,17.8,26.7,0,8.4,9.2,WNW,35,WNW,W,17,20,67,56,1011.7,1011.2,6,5,23.5,24.8,No
2/22/2016,PerthAirport,17.3,25.4,0.6,5.8,9.2,SW,44,SW,WSW,28,26,61,47,1016.8,1016.3,6,5,21.2,23.3,No
2/23/2016,PerthAirport,9.7,24.2,0.2,8,8.7,SW,44,NE,WSW,6,28,58,44,1016.3,1014,6,3,20.5,23.3,No
2/24/2016,PerthAirport,11.4,24,0,8.2,12,SW,50,ESE,WSW,26,33,48,33,1019.1,1016.5,2,1,18.9,22.8,No
2/25/2016,PerthAirport,14.5,29.4,0,6.8,12.2,E,54,E,SSW,19,11,41,18,1021.9,1018.2,0,0,20.2,29.1,No
2/26/2016,PerthAirport,16,37.4,0,10,12.1,E,57,E,SW,28,9,36,20,1018.9,1013.4,0,2,23.7,36.4,No
2/27/2016,PerthAirport,23.5,39.2,0,10.8,10.8,WNW,43,N,W,26,20,27,35,1012.4,1011.1,0,1,33.8,33.1,No
2/28/2016,PerthAirport,21.8,27.6,0,8.8,10,W,33,WSW,W,15,20,69,51,1015.8,1014.4,7,1,23.3,26.8,No
2/29/2016,PerthAirport,17.2,25.5,0,7.6,10.1,SW,44,WSW,WSW,11,24,62,50,1016.4,1016.3,5,2,21.7,23.8,No
3/1/2016,PerthAirport,13.4,26.1,0,7.4,11.2,SW,43,SSW,SW,11,31,61,40,1020.1,1017.3,2,0,20.8,24.3,No
3/2/2016,PerthAirport,12.8,32,0,8.4,11.9,E,35,E,WSW,26,24,48,27,1019.2,1015.6,1,0,22.2,31.3,No
3/3/2016,PerthAirport,12.6,27,0,8.4,9.5,SW,48,W,W,7,26,57,56,1016.9,1015.6,6,3,20.9,24.3,No
3/4/2016,PerthAirport,14.8,28,0,7.6,11.9,SSW,46,S,SW,19,33,60,45,1020.3,1016.2,1,1,20.2,26.2,No
3/5/2016,PerthAirport,17.1,29.8,0,7.8,11.9,E,39,E,WSW,17,26,52,43,1019.4,1015.9,1,1,21.9,27.2,No
3/6/2016,PerthAirport,18.8,31.3,0,8.4,11.8,E,54,ENE,ENE,28,17,56,32,1019.6,1016.5,5,3,22.8,30.6,No
3/7/2016,PerthAirport,19.2,33.6,0,8,11.8,E,61,ENE,ESE,37,13,51,23,1019.2,1015.5,1,1,24.1,32.6,No
3/8/2016,PerthAirport,19,34.5,0,9.4,11.7,E,54,NE,WSW,17,22,38,23,1015.8,1011.7,0,1,26.8,33.7,No
3/9/2016,PerthAirport,17.1,37.3,0,11,11.7,ENE,43,ENE,WSW,20,28,38,22,1013,1009.6,1,1,27.4,34.4,No
3/10/2016,PerthAirport,13.9,31.1,0,8,7.6,SW,43,S,SW,15,24,69,26,1012.6,1010.2,7,7,23.5,29.8,No
3/11/2016,PerthAirport,18.7,31.2,0,8.6,11.1,WSW,41,SSE,SW,17,31,48,37,1015.8,1012.7,1,1,23.6,29.5,No
3/12/2016,PerthAirport,19.8,34.7,0,8.4,11.2,E,41,E,WSW,20,26,52,39,1016.1,1012.5,0,0,24.6,30.8,No
3/13/2016,PerthAirport,20.1,39.7,0,8.4,10.6,E,57,E,E,37,20,39,15,1014.4,1011.4,2,2,28.7,38.4,No
3/14/2016,PerthAirport,26.2,40.1,0,13.8,10.8,E,61,NE,NE,33,26,26,13,1013.7,1008.7,7,7,31.7,39.5,No
3/15/2016,PerthAirport,22.1,29.6,0,11,8.9,NNE,39,N,WSW,7,22,72,63,1009.8,1007,3,7,25.7,27,No
3/16/2016,PerthAirport,19.4,27.2,0,6.8,9.4,SW,48,S,SW,28,31,67,40,1012.2,1009.7,7,1,20.7,26,No
3/17/2016,PerthAirport,16,28.5,0,7.6,9.6,SE,56,ESE,ESE,22,24,45,23,1016.1,1011.5,1,3,20.2,27.7,No
3/18/2016,PerthAirport,16.8,29.8,0,9.8,10.7,E,54,E,ESE,31,22,48,32,1014.5,1010.1,1,7,20.7,29,No
3/19/2016,PerthAirport,20.4,23.7,0,9,1.2,NE,44,ESE,ESE,13,17,53,68,1012,1009.4,7,7,21.5,22.5,No
3/20/2016,PerthAirport,17.9,32.3,2.2,2,10.9,E,28,ENE,SW,17,11,62,38,1013.7,1010.2,1,3,23.7,31.3,Yes
3/21/2016,PerthAirport,19.5,33.5,0,8,6.8,NE,44,ENE,SW,17,28,48,37,1011.4,1008.9,7,7,26.3,30.5,No
3/22/2016,PerthAirport,20.9,26.5,0,7.6,2.2,SE,41,SE,ESE,19,24,61,54,1012.4,1011.7,6,7,23.5,24.8,No
3/23/2016,PerthAirport,19,24.6,0,4,1.6,SE,46,ESE,ESE,15,28,72,55,1017.9,1016.6,8,7,20,23.9,No
3/24/2016,PerthAirport,18.6,26.9,0,4,7.2,E,63,E,E,28,24,67,53,1022.5,1020.1,7,6,21.3,25.8,No
3/25/2016,PerthAirport,21.1,33.4,0,6.4,7.3,E,63,ENE,NE,31,15,58,40,1020.7,1017.5,7,7,25.2,32.6,No
3/26/2016,PerthAirport,19.9,22.4,8,5,0,E,31,ENE,E,11,17,92,95,1019.9,1016.6,8,8,20.2,21.1,Yes
3/27/2016,PerthAirport,16.5,23.2,11.2,2.2,5.3,SE,50,SE,SE,24,28,75,52,1018.9,1018.4,7,7,17.4,22.4,Yes
3/28/2016,PerthAirport,12.7,25.7,0,3.2,10.9,E,43,E,ESE,19,24,61,39,1024.2,1021.9,1,1,19.8,24.9,No
3/29/2016,PerthAirport,12.5,28.8,0,5.4,11,SE,37,ENE,W,19,11,56,29,1025.8,1021.6,1,1,20.9,28.1,No
3/30/2016,PerthAirport,12.8,30.6,0,7,11.1,SW,33,NE,E,13,11,50,27,1023.1,1018,3,0,22.8,30.2,No
3/31/2016,PerthAirport,11.8,26.4,0,7,10.3,SW,39,S,SW,19,24,63,52,1016.4,1014.7,7,3,20.3,24.3,No
4/1/2016,PerthAirport,14.2,26,0,6,8.1,SW,39,N,SW,9,20,65,50,1018.2,1016.8,3,2,21.7,25.4,No
4/2/2016,PerthAirport,12.9,30.8,0,4,9.9,ENE,33,E,ESE,22,7,61,28,1022.7,1018.8,1,2,20.8,30,No
4/3/2016,PerthAirport,14.9,33.9,0,6.4,10.5,NE,33,ENE,W,20,17,48,21,1020.8,1016.5,1,4,24,33.7,No
4/4/2016,PerthAirport,13.2,26.3,0,5.2,4.3,SW,41,SSW,SW,22,30,74,54,1018.1,1015.7,7,7,21.4,25,No
4/5/2016,PerthAirport,13,22.1,0,6.2,10.5,SE,44,SSE,SE,22,24,50,27,1024.8,1022.9,1,0,16.9,21.6,No
4/6/2016,PerthAirport,9.2,24.3,0,5.8,10.4,SSE,44,ENE,SE,24,28,46,28,1029.1,1025.3,1,1,17.3,23.5,No
4/7/2016,PerthAirport,13.8,24.9,0,6.4,8.3,E,46,E,ESE,30,13,56,30,1025.8,1021.3,8,7,16.9,24.6,No
4/8/2016,PerthAirport,14.5,27.4,0,4,6.3,ENE,39,ENE,NNE,24,13,46,38,1019.2,1016.4,7,5,18.7,25.7,No
4/9/2016,PerthAirport,16.8,24.6,0,5.8,2.6,ESE,52,ENE,ESE,15,17,65,55,1020,1018,8,6,18.5,23.6,No
4/10/2016,PerthAirport,17.3,26.5,3.6,2.4,7.5,E,69,E,E,43,33,63,50,1020.3,1018.6,2,2,20.4,25.7,Yes
4/11/2016,PerthAirport,19.8,23.6,0,5.8,0.5,ENE,54,ENE,NE,33,28,60,89,1021.1,1022.1,7,7,23.3,19.7,No
4/12/2016,PerthAirport,18.8,24.9,6,1.6,0.8,WNW,30,NNE,W,13,15,92,71,1022,1018.6,7,7,20.6,24.4,Yes
4/13/2016,PerthAirport,19.9,25.4,1.8,0.8,5.5,WSW,31,WSW,SW,9,20,87,64,1020.3,1018.5,7,4,21.3,25.1,Yes
4/14/2016,PerthAirport,12.7,23.5,0,4,5.6,SSW,33,NNE,SW,7,22,77,64,1022.7,1021.7,5,6,20,22.4,No
4/15/2016,PerthAirport,13,25.9,0,3.4,10.5,NE,44,E,E,24,24,61,45,1025.4,1021.7,2,6,20.9,25.3,No
4/16/2016,PerthAirport,17.7,32.7,0,6.8,7.7,E,57,NE,WNW,24,19,58,36,1018.2,1014.6,7,7,22.5,29.6,No
4/17/2016,PerthAirport,17.7,24.5,1,4,0,NW,33,NNE,NW,15,22,96,73,1017.1,1014.6,7,7,19.1,23.9,No
4/18/2016,PerthAirport,14.1,23.2,0.4,0.2,0.5,SW,28,ENE,W,7,15,91,63,1016.6,1013.9,7,8,18.8,21.3,No
4/19/2016,PerthAirport,15.8,24.6,25.6,1,10.1,E,37,SSW,WSW,7,22,84,59,1015.1,1015,3,2,19.8,23.7,Yes
4/20/2016,PerthAirport,11.6,25.1,0,4,10.5,SW,33,E,S,13,13,69,46,1024.4,1023.3,1,3,18.9,24.2,No
4/21/2016,PerthAirport,12.5,25.2,0,3.6,10.5,ENE,44,ENE,ESE,28,20,64,42,1029,1025.5,1,1,18.2,24.6,No
4/22/2016,PerthAirport,14.7,26.3,0,5,8.8,ENE,43,ENE,ENE,28,22,55,37,1027.5,1023.3,5,7,19.6,25.2,No
4/23/2016,PerthAirport,16.3,29.6,0,4.8,10.1,NE,37,NE,NNE,24,13,43,28,1021.4,1016.8,2,2,22.4,28.9,No
4/24/2016,PerthAirport,15.4,27,0,4.2,5.9,WNW,37,NW,W,7,15,53,60,1015.1,1013.9,8,7,20.9,25.7,No
4/25/2016,PerthAirport,18.7,21,3,2.4,0,SW,30,NNW,NW,13,11,96,80,1014.2,1012.6,7,8,19.7,20.7,Yes
4/26/2016,PerthAirport,16.8,20.8,13,3,4.9,,,W,WSW,26,22,82,66,1010.2,1012,7,6,17.5,17.6,Yes
4/27/2016,PerthAirport,9.9,18.6,2.4,1.6,6.4,W,31,NE,SW,9,7,80,52,1018.6,1016.5,6,2,13.6,18,Yes
4/28/2016,PerthAirport,9.5,20.6,0.6,2.6,5.2,W,56,NE,W,11,28,88,67,1016,1013.5,4,4,14.6,19.3,No
4/29/2016,PerthAirport,10.8,21.1,2,1.8,5,SW,54,NNE,W,11,28,86,45,1016.2,1014.4,7,5,15.4,20.2,Yes
4/30/2016,PerthAirport,11,19.6,2.2,2.8,5.5,SSE,35,SSE,S,13,17,62,41,1021.1,1019.8,7,5,14.9,18.9,Yes
5/1/2016,PerthAirport,9.6,19.1,0,3.6,2.9,SSE,28,E,S,13,15,53,47,1023.7,1020.8,7,7,15.7,18.7,No
5/2/2016,PerthAirport,8,21.1,0,3.6,5.8,WNW,30,N,W,11,15,76,69,1022.3,1020.2,2,5,14.4,19.9,No
5/3/2016,PerthAirport,7.5,21,0,2.6,3.3,S,26,SSE,SSE,9,9,82,57,1022.6,1019.7,5,7,15.4,20.4,No
5/4/2016,PerthAirport,10,22,0,1.4,4.7,WSW,31,NNE,W,9,20,80,55,1018.1,1014.5,7,1,15.5,21.2,No
5/5/2016,PerthAirport,11.8,21.6,0.2,2.2,2.8,SSW,28,NNE,SSW,9,13,86,65,1016.6,1013.6,7,7,15.5,19.9,No
5/6/2016,PerthAirport,12.7,20.2,0.2,1.8,5.3,W,30,SW,W,6,17,89,60,1013.1,1008,7,3,15.7,20.1,No
5/7/2016,PerthAirport,10.8,18.8,13.2,2,8.1,SSW,59,SW,SW,6,39,82,56,1008.6,1009.8,2,2,15.3,18.3,Yes
5/8/2016,PerthAirport,3.1,17.4,0.8,2.8,9.2,S,43,S,SW,2,19,73,42,1019.9,1019,1,6,11.4,16.5,No
5/9/2016,PerthAirport,3.6,20.9,0,3,8.9,SSE,30,N,S,4,13,62,45,1025.5,1023.9,1,3,14.9,20.8,No
5/10/2016,PerthAirport,6.6,22.9,0,2.4,9.6,N,28,NE,S,11,11,76,42,1029.1,1026,1,5,14.9,22.3,No
5/11/2016,PerthAirport,8.6,25.8,0,2.6,9.6,ENE,31,NE,WSW,15,15,58,39,1024.8,1020.7,0,0,16.7,24,No
5/12/2016,PerthAirport,6.9,26.2,0,4,9.7,NNE,33,NNE,W,15,19,47,40,1016.8,1014.3,0,1,16.3,23.2,No
5/13/2016,PerthAirport,8.8,22.9,0,2.4,9.2,NW,37,N,NW,13,26,82,52,1016.4,1014.3,1,3,14.8,22,No
5/14/2016,PerthAirport,13.8,22.6,3.8,0.8,6.8,SW,37,NE,WSW,11,20,95,49,1018.9,1018.4,7,2,16.9,21.2,Yes
5/15/2016,PerthAirport,8.7,21.8,0.2,2.4,7.1,W,50,N,WNW,13,24,84,57,1019,1017.2,4,3,14.1,20.3,No
5/16/2016,PerthAirport,8.2,21,1.2,2.2,9.2,NNE,22,NNE,NNW,11,15,70,41,1022.1,1018.7,1,1,14.5,20.5,Yes
5/17/2016,PerthAirport,7.5,21.6,0,2.6,4.5,NW,24,N,WSW,13,17,77,57,1021.9,1020.9,7,3,12.8,20.4,No
5/18/2016,PerthAirport,11.9,22.8,2.4,1,5.5,SW,24,NNE,WSW,9,13,91,61,1023.7,1020.8,5,5,16,21.2,Yes
5/19/2016,PerthAirport,12.3,19.3,0,1.6,0,ESE,17,,S,0,7,88,67,1019.4,1015.5,7,7,15.2,19.2,No
5/20/2016,PerthAirport,8.6,22,0,2.8,8.5,NW,31,NE,NW,17,17,74,53,1013,1008.2,1,5,15.9,21.3,No
5/21/2016,PerthAirport,14.8,17.2,36.6,4.2,2.6,WSW,85,NW,W,19,37,96,41,996.7,1001.7,8,5,16,16,Yes
5/22/2016,PerthAirport,9.5,19.4,13.8,3.8,6.9,WNW,44,NNE,WNW,13,24,88,57,1017.3,1018.7,3,4,13.2,18.8,Yes
5/23/2016,PerthAirport,10.3,20.3,5,1.8,6.7,NNE,44,NNE,N,11,30,88,43,1020.1,1012.4,7,2,13,19.9,Yes
5/24/2016,PerthAirport,13,19.4,19.8,2.8,6.1,NW,98,WSW,SW,17,30,77,69,1006.9,1008.3,7,7,16.6,16.2,Yes
5/25/2016,PerthAirport,9.9,18.9,2.2,2.8,7.5,W,35,NNE,WNW,15,20,89,52,1012.4,1011.6,6,5,13.1,18.5,Yes
5/26/2016,PerthAirport,11.5,19.1,2.8,2,4.7,SW,37,ENE,SW,6,20,91,56,1017.5,1019.2,7,7,14.8,18.4,Yes
5/27/2016,PerthAirport,8.2,20.7,0.4,1.6,9.1,NNE,31,ENE,NNE,17,17,70,38,1022.9,1018.3,1,1,12.6,20.2,No
5/28/2016,PerthAirport,11.4,20,3,1.8,7.2,SW,44,SW,SW,9,26,82,46,1014.9,1014.3,1,2,15.9,19.7,Yes
5/29/2016,PerthAirport,9.4,18.7,0.4,4.6,4.4,E,26,ENE,SSW,13,4,74,52,1019.6,1017.6,4,7,14,17.9,No
5/30/2016,PerthAirport,9.9,19.6,0,1.2,9.2,E,33,ENE,E,17,2,59,43,1020.2,1017.4,1,1,13,19.2,No
5/31/2016,PerthAirport,8,20.8,0,2.2,9.2,NE,30,NE,S,13,15,60,37,1021.4,1019,1,6,12.6,20.4,No
6/1/2016,PerthAirport,6,21.3,0,2.4,9,NE,37,S,E,7,17,57,37,1023,1019.9,1,0,14.4,20.8,No
6/2/2016,PerthAirport,9.8,21.6,0,3.6,9.2,E,50,ENE,ENE,28,26,57,36,1020.8,1015.9,0,0,12.8,21.3,No
6/3/2016,PerthAirport,12.7,24.7,0,4,8,NNE,39,NE,WNW,17,24,56,65,1012.9,1010.4,6,6,17.5,21.7,No
6/4/2016,PerthAirport,14,17.6,8.8,2,5.3,SSW,37,S,S,13,20,83,55,1015.7,1015.5,7,7,14.8,16.3,Yes
6/5/2016,PerthAirport,9.3,18.5,0,2,3.9,ENE,37,ENE,NNE,26,9,65,53,1016.9,1013.8,5,2,11,16.6,No
6/6/2016,PerthAirport,6.4,17,0,2.8,2.7,WSW,52,ENE,NNE,17,19,83,89,1011.1,1006.8,2,6,10.6,15.7,No
6/7/2016,PerthAirport,10.5,15,16.8,2,3.3,SSW,56,S,SSW,11,39,89,53,1010.7,1013,7,6,11,13.1,Yes
6/8/2016,PerthAirport,3.3,15.2,0.4,1.8,8.4,S,52,SSW,S,9,31,75,42,1025.6,1024.9,2,2,9.6,14.8,No
6/9/2016,PerthAirport,7.7,16.3,0,1.8,3.2,N,28,NNE,NNW,11,13,69,58,1028.4,1026,7,5,10.2,15.9,No
6/10/2016,PerthAirport,9.6,17.5,1,1.2,2.6,,,NNE,NNE,11,17,94,81,1027.1,1025.9,8,7,12.2,16.5,No
6/11/2016,PerthAirport,9.5,19.7,1.4,0.6,6,NNE,44,NNE,NNE,17,13,60,53,1026.4,1022.4,6,7,14.9,18,Yes
6/12/2016,PerthAirport,11.6,21.3,0,2.8,5.1,N,50,NNE,N,19,26,50,45,1019.4,1013.6,3,7,15.1,19.5,No
6/13/2016,PerthAirport,11.6,18.4,21.4,3.2,6.6,SSW,31,NE,WSW,7,15,95,58,1015.6,1016.1,6,5,12,18.1,Yes
6/14/2016,PerthAirport,10.8,19.9,0,1.8,4.5,SSE,35,S,SSE,11,19,99,58,1022.8,1020.6,8,7,11.3,18.3,No
6/15/2016,PerthAirport,7.9,19.1,0,1.6,8.2,WSW,24,WNW,WSW,9,11,90,55,1022.6,1020,1,5,12.1,18.6,No
6/16/2016,PerthAirport,8.8,19.7,0,3.2,5.7,ESE,31,ENE,W,6,11,88,57,1021.9,1019.2,7,6,12.2,19.1,No
6/17/2016,PerthAirport,10.5,17.1,0,0.8,9.2,E,37,ENE,E,13,20,72,62,1023.1,1021.7,1,2,12.8,14.8,No
6/18/2016,PerthAirport,7,19.6,0,2.2,9.2,NNE,37,NE,NNE,20,17,66,48,1021.9,1016.8,1,1,12.8,19.2,No
6/19/2016,PerthAirport,8,20.1,0,2,2.2,NNW,43,N,NNW,19,30,62,69,1011.7,1008.6,7,7,15,19.5,No
6/20/2016,PerthAirport,11.7,16.8,9,1.2,0,SSW,30,S,W,7,15,97,89,1010.6,1009.2,8,8,13.9,15.3,Yes
6/21/2016,PerthAirport,7.2,16.9,5.2,1.4,7.1,S,31,E,S,9,13,77,48,1016.7,1015.8,1,6,12,16.7,Yes
6/22/2016,PerthAirport,9,18.8,1,1.8,4.2,SW,50,NE,SW,11,26,94,50,1017.8,1016.2,8,7,10.7,18,No
6/23/2016,PerthAirport,9,17.1,2.8,1.4,1.8,S,26,NE,SSW,4,13,90,52,1021.7,1020.3,5,7,12,15.8,Yes
6/24/2016,PerthAirport,10.7,17.2,0,4.2,3.4,NE,30,NNE,N,11,13,61,49,1020.9,1017.4,7,7,12.5,16.8,No
6/25/2016,PerthAirport,7.9,17.3,4,1,5.7,SSW,39,N,S,11,30,94,47,1019.7,1020.4,7,2,10.7,16.6,Yes
6/26/2016,PerthAirport,4.5,18.6,2.2,0.4,8.8,N,26,N,NW,9,13,69,43,1026.2,1022.7,1,1,9.2,17.7,Yes
6/27/2016,PerthAirport,6.6,17.5,0,1.4,9,N,41,NNE,N,15,19,60,40,1021.3,1016.1,6,0,11.1,17.2,No
6/28/2016,PerthAirport,7.5,18.2,0.2,2.2,2.2,NW,37,N,W,20,13,69,90,1013.2,1011.5,5,7,14.4,16.2,No
6/29/2016,PerthAirport,10.1,19.6,12.2,2.4,6.8,SW,35,N,SW,9,20,96,55,1018.2,1019.1,6,4,12.7,17.8,Yes
6/30/2016,PerthAirport,4.6,18.1,0,2.4,9.3,SSE,26,,SSW,0,15,80,41,1027.4,1024.9,1,1,11.8,17.6,No
7/1/2016,PerthAirport,5.4,19.5,0,2,9.3,E,24,NNE,ENE,9,9,70,38,1029,1025.2,0,0,9.5,18.7,No
7/2/2016,PerthAirport,8.2,21.1,0,2.6,5.5,NE,37,ENE,SW,15,11,58,44,1024.9,1021,0,6,12.1,20.2,No
7/3/2016,PerthAirport,4.9,16.9,0,3,5.3,ESE,39,NE,SSE,9,22,86,53,1024.1,1024,5,4,10.5,15.8,No
7/4/2016,PerthAirport,4.3,14.5,0,0.6,7.6,ENE,50,ESE,E,13,30,64,49,1030.5,1027.1,6,6,8.2,14,No
7/5/2016,PerthAirport,8,16.7,0,2.2,3.8,ENE,48,E,E,24,22,65,55,1025.3,1022.1,7,4,10.1,15.4,No
7/6/2016,PerthAirport,8,17.6,0,2.2,8,ENE,39,ENE,NNE,28,13,68,51,1022.1,1018.8,7,3,9.3,17.1,No
7/7/2016,PerthAirport,9.3,15.5,0,2.4,0.4,N,30,NNE,NNE,20,19,74,68,1019.5,1015.5,7,7,11.3,15.3,No
7/8/2016,PerthAirport,11.3,17,12.4,1.6,5.3,WSW,39,SW,WSW,17,22,81,51,1010,1006.5,7,5,14.2,16.1,Yes
7/9/2016,PerthAirport,7.5,13.5,19.6,3,3.1,WNW,50,S,W,22,9,79,89,1008,1008.8,6,7,9.9,9.3,Yes
7/10/2016,PerthAirport,8.4,17,27.4,4,6.4,SW,41,ENE,WSW,2,26,96,50,1014,1014.5,6,5,10.6,16.4,Yes
7/11/2016,PerthAirport,5.5,16.8,0.6,3.2,7.8,S,44,N,SSW,9,22,93,54,1022.6,1022.5,1,5,9.9,15.2,No
7/12/2016,PerthAirport,3.4,14.3,0,1.2,7.3,E,37,ENE,ENE,7,17,75,43,1030.7,1029.2,7,4,8.1,13.5,No
7/13/2016,PerthAirport,1.3,16.2,0,1.6,9.4,NNE,37,NE,NE,20,13,59,40,1030.4,1025.5,6,2,9.3,15.8,No
7/14/2016,PerthAirport,6.1,18.3,0,2,7.6,NNE,61,NNE,NNE,33,30,46,41,1021,1016.3,1,2,11.7,17.9,No
7/15/2016,PerthAirport,11.6,22.1,0,3.2,1.8,N,37,NNE,NW,24,19,44,37,1017.5,1015.1,7,7,15.7,21.6,No
7/16/2016,PerthAirport,15.2,20.7,0,2.6,0.7,NW,52,N,NNW,17,26,62,72,1013,1007.6,7,7,16.1,20.6,No
7/17/2016,PerthAirport,13.4,19,36.2,3,5.3,WNW,46,WNW,NW,20,24,74,52,1010.8,1010.3,5,6,15.3,16.9,Yes
7/18/2016,PerthAirport,7.4,18.2,10,3,9.2,SSW,33,S,SSW,15,20,83,45,1020.4,1019.8,1,2,11,16.9,Yes
7/19/2016,PerthAirport,3.1,17.6,0,4.4,8,NE,24,NE,NE,17,9,76,51,1024.2,1020.3,1,2,9.5,15.9,No
7/20/2016,PerthAirport,4.9,18.4,0,1.6,8.5,N,33,NNE,NW,13,17,65,44,1017.5,1012.7,1,3,9.9,18,No
7/21/2016,PerthAirport,8.7,14.9,13.8,2.2,4,WSW,54,S,W,20,26,88,44,1012.5,1013.7,7,7,9.5,14,Yes
7/22/2016,PerthAirport,6.2,15.6,3.6,2,9.4,SW,35,SSE,S,15,15,61,40,1023.5,1022.9,1,1,11.4,15,Yes
7/23/2016,PerthAirport,5.9,16.7,0,2.4,5,WSW,44,NNE,SSW,11,24,73,92,1024,1022.3,4,5,10.1,12.8,No
7/24/2016,PerthAirport,0.9,15.3,0.2,1.8,8.8,S,33,SSE,S,13,15,73,48,1029.2,1026.1,1,1,6.9,14.6,No
7/25/2016,PerthAirport,5.3,16.8,0,1.2,8.2,SE,28,ENE,ESE,13,6,70,49,1028.7,1026.6,1,6,11.8,16.4,No
7/26/2016,PerthAirport,4.2,18.9,0,1.6,8.7,S,30,NNE,SSW,7,15,81,51,1029.3,1026.9,3,3,8.7,18.2,No
7/27/2016,PerthAirport,5.4,18.9,0,2.2,5,ENE,31,ENE,NNE,13,13,79,50,1027,1023,7,7,10.2,18.2,No
7/28/2016,PerthAirport,9.3,21.6,0,1.4,4.6,NNE,22,NE,WSW,7,9,61,35,1022.6,1019,6,5,15.3,21,No
7/29/2016,PerthAirport,12.3,22.6,0,1.8,3.5,NNW,72,NNE,NW,17,43,67,63,1015.7,1011.6,7,7,16.2,22,No
7/30/2016,PerthAirport,11.1,19.2,0,3.8,7.2,WSW,41,W,WNW,11,24,67,50,1017.7,1015.7,5,7,14.8,17.5,No
7/31/2016,PerthAirport,12.3,15.8,5.6,2.6,5.7,SW,80,W,SW,33,31,80,60,1018.8,1023.3,7,3,12.3,13.2,Yes
8/1/2016,PerthAirport,1.1,15.7,1,3.4,9.6,NE,28,S,NE,11,11,70,38,1032.3,1029.1,0,1,7.7,15.1,No
8/2/2016,PerthAirport,4.8,17.3,0,2,9.7,NNE,44,NE,NE,19,13,53,35,1026.4,1021.4,1,1,10,17,No
8/3/2016,PerthAirport,7.1,17.2,0,3,0.1,NNE,39,NNE,NNE,15,17,48,43,1016.4,1015.3,7,8,12.2,17.1,No
8/4/2016,PerthAirport,12.1,15.5,3.8,1.2,0.3,E,28,ENE,E,11,15,94,76,1016.7,1015.3,8,7,12.7,14.8,Yes
8/5/2016,PerthAirport,7.8,16.5,3.8,0.8,1.2,E,28,E,ESE,13,17,78,64,1020,1017.4,7,7,12.7,16.2,Yes
8/6/2016,PerthAirport,9.6,18.2,0,1.6,7,N,35,NE,NNE,19,19,72,81,1013.4,1009.1,1,3,14.2,15.5,No
8/7/2016,PerthAirport,9.5,17.4,8.4,4.2,7.1,NW,70,NW,WNW,11,33,61,40,1013.4,1013.1,6,4,13.9,16.8,Yes
8/8/2016,PerthAirport,10.1,14.4,8,1.6,4.3,SW,63,WSW,WSW,20,33,78,62,1015.2,1015.7,7,7,11.6,13.3,Yes
8/9/2016,PerthAirport,6,16.7,7,1.8,4.8,W,46,WNW,WSW,11,24,82,43,1021.6,1020.2,3,3,11.3,16.1,Yes
8/10/2016,PerthAirport,8.8,17.7,3.4,1.8,5.7,NW,30,NNE,WNW,9,17,92,55,1024.7,1022.2,7,6,11.2,17,Yes
8/11/2016,PerthAirport,11.1,19.3,0.4,1.2,5.3,NW,44,N,WNW,20,28,74,49,1020.2,1017.2,7,6,14,18.9,No
8/12/2016,PerthAirport,4.9,17.7,4.6,3,9.2,SW,31,NE,SSE,6,9,77,36,1026.6,1024.7,5,1,11.3,17.3,Yes
8/13/2016,PerthAirport,6.3,19.1,0,2,6.9,WNW,24,ENE,NW,11,6,61,48,1027.6,1023.8,2,5,12.8,17.5,No
8/14/2016,PerthAirport,6.2,22.3,0,2.2,9.9,W,30,ENE,WSW,15,19,61,39,1020,1013.8,0,0,11.9,20.5,No
8/15/2016,PerthAirport,7.5,18.9,0,2.8,5,WNW,50,N,W,15,13,74,59,1013,1012.9,2,7,15.7,17,No
8/16/2016,PerthAirport,7.1,20,6,1.8,8.5,NNW,41,NNE,NNW,9,30,89,47,1018.7,1015.4,2,3,11.1,18.8,Yes
8/17/2016,PerthAirport,11.1,15.6,2,3,0.1,WSW,80,N,W,33,17,90,84,1003.1,1003.1,5,7,14.8,13.4,Yes
8/18/2016,PerthAirport,4.2,15.3,20.2,0.6,9.4,SSW,44,N,SSW,2,20,82,48,1021.8,1021.6,3,2,9.8,14.8,Yes
8/19/2016,PerthAirport,8.1,15.5,0.2,3,1.9,NNW,33,NNE,WNW,11,17,74,56,1024.8,1022.1,8,7,10.6,15.4,No
8/20/2016,PerthAirport,8.8,17.8,10.2,3,7.3,SSW,52,NNE,SW,9,24,96,51,1021.3,1019.1,7,3,11,16.9,Yes
8/21/2016,PerthAirport,6.6,18,0.6,2,3.8,W,52,NNE,WNW,11,24,89,55,1019.4,1015,8,6,9.6,16.8,No
8/22/2016,PerthAirport,4.5,16.5,2.8,2.2,9.6,SSW,46,S,SSW,9,30,90,36,1022.3,1020.8,1,3,8.6,16.1,Yes
8/23/2016,PerthAirport,1.8,16.7,0,3.2,10.2,SE,33,WNW,ESE,6,17,66,36,1025.3,1022.4,0,5,10.3,15.6,No
8/24/2016,PerthAirport,5.7,16.7,0,3.4,10.6,E,39,E,ENE,28,15,58,35,1026.6,1023.5,0,0,9.4,16.4,No
8/25/2016,PerthAirport,4.9,18.8,0,3.4,9.6,ENE,43,ENE,ENE,20,20,63,44,1025.3,1019.6,1,1,11.6,18.3,No
8/26/2016,PerthAirport,11.6,20.7,0,4.6,3.7,N,46,NNE,NNE,22,20,44,43,1013.3,1007.7,4,7,16.5,20.1,No
8/27/2016,PerthAirport,10.9,16.8,34.4,2.6,5.5,WSW,56,N,WSW,13,31,93,68,1003.3,1003.5,7,3,12.7,14.6,Yes
8/28/2016,PerthAirport,10.2,16.1,5.4,3.4,6,SSW,54,SSW,SW,41,33,67,64,1011.3,1010.6,6,8,13,14.7,Yes
8/29/2016,PerthAirport,10.5,17.7,0,2.2,8.3,SSW,33,SSE,SW,17,19,66,48,1016.7,1015.2,7,6,13.4,17.6,No
8/30/2016,PerthAirport,3.5,17.9,0,1.6,6.4,NW,35,NNE,WNW,11,17,75,50,1018.3,1015.2,2,7,10.3,16.9,No
8/31/2016,PerthAirport,10.1,17.7,9.4,2,5,SW,50,N,SSW,2,35,95,50,1012.9,1014.1,8,3,12.4,16.5,Yes
9/1/2016,PerthAirport,3.5,17.5,0.8,2.8,10.4,WSW,31,SSE,WSW,9,19,74,48,1026.5,1023.4,0,1,11,16.9,No
9/2/2016,PerthAirport,4.4,17.8,0,4.2,3.9,SW,33,,SW,0,17,72,48,1023.3,1020.6,7,6,12.4,16.6,No
9/3/2016,PerthAirport,4.2,19.6,0,1.2,10.3,ENE,28,,N,0,9,70,42,1025.5,1021.7,1,1,13,19.1,No
9/4/2016,PerthAirport,7.7,22.6,0,2.8,7.3,WSW,35,NE,SW,7,26,64,38,1021.3,1016.6,7,2,13.4,21.4,No
9/5/2016,PerthAirport,6.2,20.3,0,2.8,9.8,WNW,46,WSW,W,9,22,82,58,1018.3,1015.1,1,1,11.9,19,No
9/6/2016,PerthAirport,6.8,19.4,0,2.6,8.6,NW,44,NNE,NW,9,28,77,50,1013.4,1009.2,1,6,14.1,18.7,No
9/7/2016,PerthAirport,12.5,17,7.6,3,7.9,WSW,70,WSW,WNW,33,33,63,45,1012.4,1013.9,4,6,14.2,16,Yes
9/8/2016,PerthAirport,11.4,17.7,7.8,3.8,8.6,WSW,52,S,SW,19,11,56,43,1024.3,1023.4,7,2,13.9,17,Yes
9/9/2016,PerthAirport,6.7,18.9,0,4,4,WSW,28,NNE,WSW,13,17,70,52,1025.1,1021.5,8,7,12.7,17.8,No
9/10/2016,PerthAirport,11.9,19.8,1.4,1.4,4,WSW,31,N,WSW,9,24,82,62,1021.3,1018.8,2,7,15.6,18.5,Yes
9/11/2016,PerthAirport,11.5,15.5,0,4.2,8.7,SE,52,SSE,ESE,17,30,60,56,1024.3,1023.1,6,7,13.2,14.9,No
9/12/2016,PerthAirport,8.6,17.4,0,2,9.3,ESE,63,ESE,ESE,30,28,46,36,1028.7,1025,4,5,12.6,16.5,No
9/13/2016,PerthAirport,8.1,17.8,0,4,10.3,E,57,E,E,41,31,44,29,1028.4,1025.2,3,1,12.3,17.2,No
9/14/2016,PerthAirport,7.6,19.3,0,5,11,ENE,37,ENE,NNW,26,11,55,34,1027.4,1022.7,0,2,12.8,18.5,No
9/15/2016,PerthAirport,3.8,18.5,0,3.2,7.2,W,57,NNE,W,13,24,57,55,1017.4,1012.8,1,7,13.4,16.6,No
9/16/2016,PerthAirport,5,17.3,7.4,3,10.2,SSW,39,S,S,20,20,58,37,1021.3,1020.8,1,4,11.9,15.5,Yes
9/17/2016,PerthAirport,7,18.4,0,3.6,9.4,NE,43,ENE,N,17,7,53,37,1026.7,1023.6,2,6,12.5,16.8,No
9/18/2016,PerthAirport,3.1,18.9,0,3,2.7,WNW,81,NNE,WNW,11,26,59,58,1018.1,1013.4,5,8,12.9,15.7,No
9/19/2016,PerthAirport,4.1,16.3,11,3.8,9.3,SW,48,S,SW,22,28,61,55,1017.3,1017.3,7,6,11.7,15,Yes
9/20/2016,PerthAirport,5.9,19.3,0,2.6,10.4,WSW,26,S,W,6,13,55,43,1022.1,1019.2,5,1,14.6,18.6,No
9/21/2016,PerthAirport,5,23.4,0,2.2,10.9,NNW,33,NNE,WNW,7,15,62,27,1019.4,1015.2,0,1,15.3,22.9,No
9/22/2016,PerthAirport,6.1,19,0,4,3.6,SW,44,NNE,SW,11,26,74,75,1011.6,1011.4,7,7,14.5,15.4,No
9/23/2016,PerthAirport,8.4,15.9,5.6,1.4,7.8,WSW,56,S,SW,19,30,66,43,1015.7,1015.3,7,6,12.7,14.5,Yes
9/24/2016,PerthAirport,4.2,17.4,0.4,3,7.1,W,41,N,W,9,20,71,43,1018.4,1014.4,7,5,10.1,16.6,No
9/25/2016,PerthAirport,8.8,17.6,10,2.4,8,SW,41,SSE,WSW,17,20,74,41,1018,1017.4,6,2,12.7,17,Yes
9/26/2016,PerthAirport,3.9,17.6,0,3,4,W,35,N,W,15,20,66,58,1021.3,1018.7,5,8,12.5,16.8,No
9/27/2016,PerthAirport,11.2,19.4,2.6,2.8,5.9,WSW,72,WNW,WSW,24,22,56,69,1013.6,1011,4,7,17,14.6,Yes
9/28/2016,PerthAirport,4.8,16.2,7.2,3,11.1,S,46,S,SSW,26,15,52,40,1024.1,1022.1,1,3,11.7,16.1,Yes
9/29/2016,PerthAirport,5.2,19.4,0,5,11.3,E,37,NE,NNW,22,6,45,33,1021.8,1015.5,0,0,12.8,18.7,No
9/30/2016,PerthAirport,6.3,19.1,0,3.2,5.2,SW,54,NNE,W,15,26,67,52,1008.9,1006.9,6,3,14.3,18.4,No
10/1/2016,PerthAirport,10.5,16.2,4.2,1,7,WSW,96,WSW,WSW,44,56,63,70,1004.4,1006.8,4,3,15,11.9,Yes
10/2/2016,PerthAirport,9.1,17.5,2.6,5.2,8.4,SW,65,SW,SW,39,30,49,51,1016.6,1017.9,6,6,14.8,16.1,Yes
10/3/2016,PerthAirport,7.1,19,0,4,1.8,WNW,39,WSW,WNW,7,17,75,82,1020,1019.2,8,7,15,16.5,No
10/4/2016,PerthAirport,11.4,21.1,4,3.6,7.8,NW,35,N,WNW,15,20,84,59,1018.9,1016,6,5,16.1,19.5,Yes
10/5/2016,PerthAirport,8.1,23.6,0,3,11.7,WNW,35,NNE,WNW,15,24,67,36,1014,1009.7,1,1,17.1,23.4,No
10/6/2016,PerthAirport,12,21.8,0,2.2,6.6,NW,48,NNW,WNW,17,26,76,55,1010.9,1010.5,8,6,18.7,21.4,No
10/7/2016,PerthAirport,14.7,24.7,0.2,3,8.7,N,37,NNE,WNW,24,22,76,50,1012.9,1009.6,6,6,18.8,24.2,No
10/8/2016,PerthAirport,15.2,18.7,7.4,5.4,1.9,WSW,59,NNW,WNW,15,33,91,69,1008.5,1008.8,7,8,16.3,17.4,Yes
10/9/2016,PerthAirport,12.7,19,7.4,3,6.7,SW,50,WSW,SSW,30,33,60,44,1021.6,1022.3,4,2,15.8,16.9,Yes
10/10/2016,PerthAirport,6.3,20.9,0,4.4,11.7,SW,37,E,W,17,22,48,40,1029.6,1026.1,1,0,14.9,20,No
10/11/2016,PerthAirport,9.1,26.1,0,5,11.8,E,43,E,E,28,11,47,21,1026.3,1021.5,0,0,16.5,25.5,No
10/12/2016,PerthAirport,13.2,32.6,0,6.4,11.8,ENE,54,NE,NNE,20,17,26,14,1017,1011.4,0,0,22.8,32.2,No
10/13/2016,PerthAirport,9.3,24.9,0,7,11.7,W,44,NNW,WSW,4,19,56,56,1011.9,1010.6,3,2,20.8,22.8,No
10/14/2016,PerthAirport,13.5,20.8,0.8,3.4,8.6,W,50,W,WNW,28,30,64,48,1012.3,1010.9,7,7,18.3,19.3,No
10/15/2016,PerthAirport,11.2,17.8,4,5.2,8.1,SW,65,SW,SW,30,35,67,39,1016.7,1018.7,7,3,13.4,17.7,Yes
10/16/2016,PerthAirport,4.9,20.4,0.6,5.4,11,SW,50,SSE,SW,22,28,42,43,1026.7,1024,2,1,15.6,18.9,No
10/17/2016,PerthAirport,6.6,20.1,0,4.4,6.6,SW,37,SSW,SW,22,19,54,57,1025.7,1022.5,7,7,16.2,18.8,No
10/18/2016,PerthAirport,10.6,21.8,0,4,11.9,E,46,ENE,SW,24,24,47,41,1024,1019.5,1,2,15.7,20.1,No
10/19/2016,PerthAirport,5.9,19.8,0,6,10.1,SSW,44,SSW,WSW,17,26,53,49,1017.5,1013.7,7,6,15.8,18.6,No
10/20/2016,PerthAirport,10,19.4,4.4,4.8,12,SSW,43,SSE,S,30,20,47,31,1019.7,1019.5,3,4,14.3,18.6,Yes
10/21/2016,PerthAirport,7.7,22,0,5.4,12,E,56,E,E,35,11,41,23,1028.2,1023.8,0,0,13.8,21.2,No
10/22/2016,PerthAirport,8.3,28.5,0,4.8,12,E,61,NE,N,22,13,28,10,1023.3,1016.9,0,0,19.1,27.8,No
10/23/2016,PerthAirport,8.8,29.3,0,8.8,12.5,WSW,39,N,W,7,24,22,19,1012,1009.7,0,0,23.2,25.7,No
10/24/2016,PerthAirport,8.6,22.1,0,6.6,10.6,WSW,48,SSE,SSW,17,31,55,53,1013.4,1011.7,5,6,19.1,20.2,No
10/25/2016,PerthAirport,7.1,20.3,0,4.8,10.3,SW,35,W,WSW,6,26,49,60,1016.8,1016.1,7,7,16.2,18.5,No
10/26/2016,PerthAirport,6.6,22.6,0,4.4,11.5,WSW,37,ENE,W,11,22,56,45,1020.7,1018.4,5,1,18,20.6,No
10/27/2016,PerthAirport,6.3,22.6,0,4,11.8,SW,43,SSW,WSW,17,35,49,41,1021,1017.9,3,1,18.7,21.7,No
10/28/2016,PerthAirport,5.9,22.2,0,6.4,12.2,W,44,SW,WSW,15,28,54,38,1015.3,1012,0,1,17.8,20.8,No
10/29/2016,PerthAirport,11.7,20.5,0.4,6,8.4,WSW,57,W,WSW,24,33,65,44,1013.1,1014.4,7,7,18.1,19.5,No
10/30/2016,PerthAirport,6.9,21.5,1.8,4.8,12.1,SW,43,SSE,WSW,15,30,38,36,1023.7,1020,1,0,15.8,20.1,Yes
10/31/2016,PerthAirport,10.7,22.9,0,5.4,12.2,WNW,52,E,SW,13,35,47,40,1021.8,1018.5,0,1,17,21.4,No
11/1/2016,PerthAirport,11.6,26.5,0,7.2,12.4,E,46,ESE,WSW,20,24,45,34,1020.4,1014.8,0,0,18.3,25.2,No
11/2/2016,PerthAirport,11.5,31,0,7.4,12.5,E,44,E,WSW,19,22,41,24,1014.6,1010.5,0,1,21.4,29.8,No
11/3/2016,PerthAirport,12.4,24.1,0,9.2,12.6,SW,41,SSW,SW,22,31,57,46,1016.7,1016.4,0,0,18,22.5,No
11/4/2016,PerthAirport,15.7,27.4,0,5.8,9.3,S,39,E,WSW,19,26,65,45,1022.1,1018.2,7,0,18.4,26.6,No
11/5/2016,PerthAirport,13.6,37.2,0,6.6,12.8,ENE,35,E,N,20,7,40,17,1017.9,1012.4,0,0,25.6,36.6,No
11/6/2016,PerthAirport,15.3,26.6,0,8.6,12.5,SW,54,SSW,SW,15,35,58,57,1014,1014.8,1,4,23.2,23,No
11/7/2016,PerthAirport,10.9,23.3,0,7.6,12.6,WSW,41,SE,SW,13,30,42,39,1019.5,1016.3,1,7,17.4,20.7,No
11/8/2016,PerthAirport,11.1,24,0,7.2,12.4,SW,48,ENE,WSW,9,26,45,40,1014.2,1010.1,0,1,18.5,21.4,No
11/9/2016,PerthAirport,10.9,21.6,0,8.4,8.1,W,44,SSW,SW,15,26,58,39,1011.5,1010.1,7,1,16.7,20.6,No
11/10/2016,PerthAirport,6.4,22.2,0,5,8,NW,50,N,WNW,13,28,51,83,1011.7,1009.2,2,8,19,17.5,No
11/11/2016,PerthAirport,7.9,21.2,0.6,6,10,WSW,46,SW,WSW,24,30,47,38,1016.1,1016.2,5,4,17.9,20.2,No
11/12/2016,PerthAirport,5.1,23.6,0,6,12.2,SW,48,S,SW,15,30,42,46,1022.1,1019.9,1,1,19.4,22,No
11/13/2016,PerthAirport,9.7,31.6,0,7,12.9,E,52,E,ESE,22,19,38,10,1023,1017.6,0,1,21.2,30.8,No
11/14/2016,PerthAirport,13.1,37.1,0,9.8,12.9,ENE,50,NE,NNE,31,17,12,6,1014.2,1008.6,0,0,28.5,36.2,No
11/15/2016,PerthAirport,17,36.8,0,10,12.5,WNW,43,NNE,WNW,20,24,15,59,1005.6,1004.6,0,4,32.1,24.7,No
11/16/2016,PerthAirport,18.3,21.8,0,7.8,4.3,NW,48,NNW,SSW,11,13,65,66,1004.6,1007.7,7,7,20.6,19.3,No
11/17/2016,PerthAirport,8.2,22.5,5,3.8,13.2,WNW,43,S,SW,13,28,40,38,1022.8,1020.8,1,0,17.1,21.2,Yes
11/18/2016,PerthAirport,7.8,30,0,7.8,12.8,SW,37,ENE,W,17,24,38,29,1020.1,1015.4,0,0,21.9,27.3,No
11/19/2016,PerthAirport,9,26.5,0,8.4,12.9,SW,46,SW,SW,7,28,45,36,1013.5,1011.8,1,4,22.2,24.8,No
11/20/2016,PerthAirport,12.7,23.6,0,9.2,10.6,SW,52,S,SW,28,37,38,40,1016.3,1015.2,5,1,20.9,22.3,No
11/21/2016,PerthAirport,8.8,22.6,0,7.4,12.6,S,44,ENE,SW,13,26,44,35,1020.8,1018,7,6,17.9,21.4,No
11/22/2016,PerthAirport,12.6,28.9,0,7.4,13.2,E,57,E,SW,24,31,29,25,1019.6,1015.6,0,0,21.6,27.5,No
11/23/2016,PerthAirport,13.2,33.1,0,9.4,13.2,E,56,ENE,SW,22,31,28,17,1018.5,1015.5,1,1,25.7,31.3,No
11/24/2016,PerthAirport,18.4,34.6,0,12.6,13,E,69,E,SE,24,9,30,14,1018.7,1015.1,0,1,26,33.6,No
11/25/2016,PerthAirport,16.7,35.2,0,11.6,13,E,69,NE,W,26,13,30,14,1017.4,1013.5,0,1,25.9,35.2,No
11/26/2016,PerthAirport,18.9,38.2,0,11.8,13.1,ENE,44,NE,WNW,22,17,19,8,1014,1010.2,1,1,32,37.1,No
11/27/2016,PerthAirport,12.9,32,0,11.4,13.2,SW,39,SSW,SW,13,28,36,23,1013.2,1012.9,0,0,26.9,31.3,No
11/28/2016,PerthAirport,13.4,29.9,0,9.2,13.1,W,37,E,WSW,6,26,45,40,1015.4,1013.3,1,0,22.9,26.6,No
11/29/2016,PerthAirport,13.2,28.3,0,10.2,13.2,W,46,SSW,WSW,17,30,51,41,1017.1,1013.2,1,3,21.4,26.1,No
11/30/2016,PerthAirport,15,27.4,0,8,13.1,SW,43,S,SW,11,31,44,37,1014.4,1012.7,1,3,22.5,24.7,No
12/1/2016,PerthAirport,11,25.2,0,9,10.2,SW,41,SE,SW,13,28,53,38,1016.4,1013.5,7,7,20,23.2,No
12/2/2016,PerthAirport,13.3,29.1,0,7.4,12.8,E,43,E,WSW,9,22,42,34,1012.6,1008.8,1,2,21.5,26.5,No
12/3/2016,PerthAirport,13.7,23.5,0,7.8,9.6,WSW,52,SSW,W,20,22,48,58,1009.1,1008.7,8,7,20.9,21.8,No
12/4/2016,PerthAirport,13.7,24.5,0.6,6.2,12.2,W,44,SE,WSW,20,30,39,34,1015.3,1012.6,2,1,18.4,22.2,No
12/5/2016,PerthAirport,11.6,24.8,0,10,12.7,SW,50,SE,SW,15,35,46,35,1015.2,1013.7,1,0,19.3,23.2,No
12/6/2016,PerthAirport,10.7,25.5,0,11.8,12.7,W,43,SSW,SW,9,28,47,40,1016.8,1013.8,7,1,21.6,23.6,No
12/7/2016,PerthAirport,17.3,24.6,0,8.6,11.3,SW,52,SSW,SW,31,31,58,39,1016.4,1015.3,5,0,21.2,23.2,No
12/8/2016,PerthAirport,13.4,30.9,0,11.4,11.3,ESE,61,ESE,ESE,26,20,34,13,1020.1,1015.2,0,0,20.5,29.7,No
12/9/2016,PerthAirport,13.5,36,0,8,13.3,E,41,ENE,SW,22,30,24,12,1014.6,1011.4,0,0,27.1,34.2,No
12/10/2016,PerthAirport,15.3,39.1,0,12,13.3,E,46,NE,WNW,24,22,13,17,1010.7,1009.7,0,1,33.3,30.9,No
12/11/2016,PerthAirport,16.2,30.7,0,10.6,8,SW,52,WSW,SW,20,22,60,30,1011.5,1007.3,1,7,23.7,27.6,No
12/12/2016,PerthAirport,17.8,24.7,7,7.6,6,SSW,50,NW,SE,7,28,89,56,1010.1,1011.1,7,7,20,21.5,Yes
12/13/2016,PerthAirport,14.9,26.4,0,5.2,11.8,W,39,SSE,W,19,30,52,41,1020.5,1017.7,5,0,19.1,25.1,No
12/14/2016,PerthAirport,15.1,31.2,0,8.6,13.3,E,46,ESE,E,20,19,47,25,1021.4,1016.4,0,1,22.4,30.3,No
12/15/2016,PerthAirport,17.2,33.8,0,9,10.2,SW,44,NE,WSW,24,28,31,15,1012.1,1009.5,5,7,27.7,31.9,No
12/16/2016,PerthAirport,17.3,30.9,0,10.6,13.3,ESE,57,ESE,SSE,19,20,45,22,1013.9,1010.7,1,0,22,30.6,No
12/17/2016,PerthAirport,14.1,30.7,0,11,13.1,E,61,E,SSW,33,30,40,34,1014.2,1010.1,0,1,21.7,28,No
12/18/2016,PerthAirport,14.7,25.9,0,10.4,13.1,WSW,48,SSW,WSW,26,31,45,47,1012.8,1012.3,1,0,21.8,24.5,No
12/19/2016,PerthAirport,13.7,28,0,8.8,13.2,SW,39,ESE,SW,15,30,44,39,1016.6,1013.5,0,0,21.4,26.4,No
12/20/2016,PerthAirport,15.8,34.4,0,10,13.3,E,54,E,ESE,28,19,38,17,1015.2,1010.2,0,0,23.7,33.5,No
12/21/2016,PerthAirport,20.1,42.8,0,11.4,13,E,67,ENE,NNE,37,30,22,12,1008,1001.9,1,1,30.6,41.9,No
12/22/2016,PerthAirport,20.2,27.7,0,13.2,9.4,SW,43,SW,SW,24,30,64,44,1009.9,1008,7,0,21.6,26.5,No
12/23/2016,PerthAirport,15.7,34.1,0,9.4,13.2,SW,48,ENE,SW,19,33,37,22,1009.1,1005.2,0,0,26.9,32.6,No
12/24/2016,PerthAirport,16.6,31.4,0,13,13.1,SW,48,SSW,SW,13,31,41,42,1007,1004.2,1,0,25.2,28.7,No
12/25/2016,PerthAirport,17.8,34,0,11.8,13.2,E,56,SSE,ESE,24,19,41,24,1011.2,1007.4,1,0,24.1,32.8,No
12/26/2016,PerthAirport,16.2,33.8,0,12.2,13.1,ENE,59,E,WSW,17,31,39,41,1006.6,1003.6,0,1,25.8,26.2,No
12/27/2016,PerthAirport,16.3,23.2,0.4,8.4,11.1,SW,61,SSW,SSW,41,41,41,37,1005.9,1006.7,6,1,20.1,21.7,No
12/28/2016,PerthAirport,8.9,23.5,0.6,8.2,13.1,SSW,48,S,WSW,30,31,39,36,1012.1,1010.6,7,1,19.4,22.7,No
12/29/2016,PerthAirport,9.5,24.8,0,9.6,13.2,W,39,S,SW,9,22,41,41,1013.7,1010.1,1,0,19.2,23.5,No
12/30/2016,PerthAirport,10.6,24.2,0,7,13.1,SW,56,WSW,WSW,9,33,51,43,1009,1007.9,1,2,20,23.5,No
12/31/2016,PerthAirport,12.1,28.9,0,8,13.2,SW,48,SSE,WSW,15,31,46,35,1016.1,1012.9,1,1,20.3,27.4,No
1/1/2017,PerthAirport,16.1,32.8,0,12.6,13.3,E,57,E,WSW,26,20,41,14,1017.4,1012.6,0,0,22.8,32.1,No
1/2/2017,PerthAirport,16.2,37.4,0,11.6,13.2,E,57,NE,ESE,20,20,29,12,1013.8,1010,0,0,28.1,37,No
1/3/2017,PerthAirport,18.7,40.2,0,12.2,13.3,E,43,NE,E,24,7,23,8,1010.8,1007.3,0,0,31.5,39.6,No
1/4/2017,PerthAirport,19.8,43.3,0,12.6,13.3,ENE,39,ENE,WSW,19,15,17,10,1007.8,1005.3,1,1,34.5,38.1,No
1/5/2017,PerthAirport,20.6,25.6,0,11.8,8.3,SW,57,SW,WSW,20,30,71,54,1007.6,1007.5,7,5,22,23.9,No
1/6/2017,PerthAirport,16.5,24.1,0,10,9.3,SW,52,SW,SW,26,35,44,43,1011.7,1009.5,7,3,19.6,23,No
1/7/2017,PerthAirport,9.5,26.5,0,7.2,12.9,WSW,46,ESE,WSW,7,33,48,43,1012.4,1009.5,1,0,20.2,24.3,No
1/8/2017,PerthAirport,15.5,31.6,0,7.8,13.1,SW,41,SE,SW,7,30,42,35,1011.7,1008.9,0,0,24.2,29.9,No
1/9/2017,PerthAirport,17.9,36.4,0,10,13.1,E,43,E,WSW,24,26,38,24,1012.1,1007.5,0,0,25.1,34.8,No
1/10/2017,PerthAirport,19.7,36.4,0,12.6,13.1,SW,37,E,W,15,26,29,24,1010.5,1007.9,0,0,28.5,35,No
1/11/2017,PerthAirport,21.8,37.6,0,12.4,13.1,SW,43,NE,W,11,24,35,35,1006,1003.2,0,1,30.4,31,No
1/12/2017,PerthAirport,16.8,24.7,0,10.6,10.8,SW,56,SSW,SW,35,39,36,39,1008.1,1008.5,4,3,22.6,23.3,No
1/13/2017,PerthAirport,8,27.2,0,8.2,13.1,SW,39,ENE,WSW,15,24,40,37,1015.7,1012.1,0,0,19.3,25.8,No
1/14/2017,PerthAirport,13.2,37.7,0,9,13.1,E,41,ENE,SW,17,15,33,11,1013.2,1009.4,0,0,25.9,36.9,No
1/15/2017,PerthAirport,13.6,35.5,0,13,13.1,SW,39,SW,SW,11,24,30,31,1008.4,1005.7,0,1,28.6,32.8,No
1/16/2017,PerthAirport,16.2,28.1,0,10,11.5,SW,54,SSW,SW,15,35,53,45,1010.3,1008.8,4,1,21.5,25.7,No
1/17/2017,PerthAirport,15.9,31.4,0,7.4,13.2,E,56,E,SSE,30,17,42,25,1014.6,1010.9,0,0,21.8,29.7,No
1/18/2017,PerthAirport,16.7,34.4,0,13.2,9.2,E,61,ENE,SW,28,15,40,20,1011.2,1006.2,1,7,24.4,32.6,No
1/19/2017,PerthAirport,16.8,25.8,0,10,11.8,WSW,50,SSW,SW,28,33,52,41,1011.9,1010.7,6,1,20.9,23.6,No
1/20/2017,PerthAirport,13.4,28.5,0,10,13.1,WSW,39,E,WSW,15,24,41,35,1012.3,1009.5,0,0,21.8,26.9,No
1/21/2017,PerthAirport,12.4,34.5,0,8.2,13,SW,44,SSW,SW,13,31,44,24,1008.9,1005,0,0,24.1,32.3,No
1/22/2017,PerthAirport,15.8,26.3,0,9.2,13,SW,52,S,SW,28,28,56,37,1010.1,1010.5,1,1,21.9,24.8,No
1/23/2017,PerthAirport,9.6,26.9,0,9.2,12.7,SSW,54,SSW,SW,19,35,47,37,1016.7,1015.2,1,0,20.9,25.3,No
1/24/2017,PerthAirport,12.1,33.6,0,9.4,13.2,E,46,ENE,WSW,24,26,38,24,1018.1,1014.3,0,0,22.7,32.6,No
1/25/2017,PerthAirport,16.7,39.9,0,10.8,13.2,E,48,ENE,NE,20,17,26,10,1016.9,1012.8,0,0,28.3,39.6,No
1/26/2017,PerthAirport,21.7,41.9,0,13.8,13,NE,43,NE,WSW,26,20,11,7,1013,1009,0,0,34.3,41.2,No
1/27/2017,PerthAirport,20.7,36.1,0,14.2,12.9,E,50,SW,WSW,11,26,31,33,1009.9,1007.4,3,1,29.6,34.1,No
1/28/2017,PerthAirport,19.8,39.8,0,13,12.7,ESE,54,E,SW,31,26,38,26,1008.8,1004.2,2,1,26.9,36.9,No
1/29/2017,PerthAirport,22.2,25.6,0.2,11.2,0.3,ESE,57,W,NW,11,11,85,79,1011.2,1010.3,8,8,22.3,24.3,No
1/30/2017,PerthAirport,16.5,19.7,5.8,1.4,0,E,48,ENE,SE,19,17,91,88,1017.3,1014.3,8,8,16.8,18.4,Yes
1/31/2017,PerthAirport,15.8,22.1,33.8,3.6,0,E,43,E,SE,13,24,89,88,1014.7,1011.7,7,7,17.4,19.4,Yes
2/1/2017,PerthAirport,17.3,30.2,2,1,11.2,ENE,41,ESE,ENE,17,22,65,49,1018.1,1015.8,1,2,22,28.1,Yes
2/2/2017,PerthAirport,18.3,31.7,0,6.4,8,E,41,E,E,19,19,72,48,1017.5,1012.2,7,1,21.9,30.5,No
2/3/2017,PerthAirport,18.8,33.6,0,5.4,12.2,SSW,41,SW,SSW,13,31,52,38,1009,1006.5,5,1,28.4,31.7,No
2/4/2017,PerthAirport,16.1,29.4,0,9.8,12.5,WSW,41,SW,WSW,17,30,57,47,1009.2,1007.3,0,0,23,27.3,No
2/5/2017,PerthAirport,17.3,30.2,0,10.4,12.6,ESE,63,ESE,SSE,30,22,52,33,1012.2,1008.8,1,1,22.3,29.5,No
2/6/2017,PerthAirport,16.7,33.8,0,9.6,12.3,E,54,E,SSE,30,13,46,26,1010.7,1005.8,0,1,23.2,33.2,No
2/7/2017,PerthAirport,20.5,29.6,0,9.6,7.8,SW,57,NE,SW,13,37,58,55,1004.3,1004,6,6,27.1,23.9,No
2/8/2017,PerthAirport,14.6,26.7,0,7.6,12.5,SSE,59,SSE,SSE,31,35,41,23,1012.7,1009.9,6,2,19.2,25.5,No
2/9/2017,PerthAirport,14.1,17.1,2,10,0,ESE,56,ESE,SE,24,24,83,82,1012.4,1008.8,7,7,15,16.9,Yes
2/10/2017,PerthAirport,14.9,21.3,74.8,14.4,0,ESE,81,SE,SSE,20,19,86,86,1007.5,1007.4,8,8,16.7,19.8,Yes
2/11/2017,PerthAirport,16.7,24.8,10,2,4.6,E,74,ESE,ESE,35,33,74,66,1009.4,1010.9,7,7,21,23.4,Yes
2/12/2017,PerthAirport,19.7,27.9,0,3.8,7.5,E,61,E,ESE,37,31,71,54,1015.3,1014.1,7,6,21.4,27.5,No
2/13/2017,PerthAirport,21.1,34.2,0.2,10.6,7.2,E,48,ENE,SE,24,9,69,50,1013.6,1010.5,7,7,25.4,32.7,No
2/14/2017,PerthAirport,23.7,30.5,0.4,4.6,11,W,33,SSW,W,19,20,66,57,1012.2,1012.1,6,1,28.2,29.4,No
2/15/2017,PerthAirport,19.2,32.3,0,8,9,ESE,39,ENE,ENE,20,13,71,51,1015.2,1011.9,7,7,24.5,30.5,No
2/16/2017,PerthAirport,18.1,31.3,0,8.2,11.3,ESE,56,ESE,W,11,22,56,47,1015,1012.1,1,1,22.7,29.4,No
2/17/2017,PerthAirport,15.9,32.2,0,8.4,12.3,E,48,E,E,26,20,50,28,1018.7,1015.8,0,0,21.4,31.9,No
2/18/2017,PerthAirport,17.1,34.8,0,9,12.4,E,57,E,E,24,28,49,26,1019.5,1015.8,0,0,23.5,34,No
2/19/2017,PerthAirport,22.9,38.4,0,11,12.3,E,48,ENE,W,19,24,34,36,1014.4,1011.3,0,1,29.6,34.9,No
2/20/2017,PerthAirport,20.1,27.2,0,8.8,11.3,SW,44,SSW,SW,19,26,62,47,1013.3,1010.5,3,4,22.2,24.2,No
2/21/2017,PerthAirport,16.3,23.1,0.4,12,10.2,WSW,59,SW,SW,43,41,55,35,1014.2,1015.3,7,4,19.4,22.4,No
2/22/2017,PerthAirport,7.8,24.7,0,7,11.9,SW,41,S,SW,15,30,48,42,1021.9,1019.4,3,1,19.3,24.1,No
2/23/2017,PerthAirport,10.2,32.1,0,7.8,11.9,SW,33,ENE,WSW,22,19,52,25,1021.8,1018.5,1,0,21.9,31.3,No
2/24/2017,PerthAirport,16.1,36.4,0,9.6,12.1,E,52,ENE,ENE,28,17,37,14,1020.6,1016.7,0,0,26.3,36.3,No
2/25/2017,PerthAirport,21.5,39,0,9.8,12.1,E,37,NE,WSW,24,7,25,12,1015.7,1011.3,0,0,30.7,38.3,No
2/26/2017,PerthAirport,16.5,30.2,0,10.8,12.1,SW,33,SSW,W,11,20,61,52,1011.7,1011.4,1,1,24,27.2,No
2/27/2017,PerthAirport,13.2,30.5,0,5.8,11.8,W,37,S,W,6,24,55,46,1015.2,1013.2,1,1,23.1,28.1,No
2/28/2017,PerthAirport,16.3,33.8,0,7.4,11.9,E,31,E,W,15,20,51,40,1014.9,1012,1,3,25.2,32.5,No
3/1/2017,PerthAirport,20.3,38.1,0,8.4,11.5,NNE,50,ENE,WSW,26,17,53,32,1013.8,1010.7,1,1,26.7,37,No
3/2/2017,PerthAirport,21.9,29.1,6.8,10,0.7,NNW,39,SSE,SW,20,17,91,82,1015.8,1015.5,8,8,24.1,25.2,Yes
3/3/2017,PerthAirport,19,36.5,0,2.2,11.1,SW,37,SSW,SW,9,26,65,32,1016,1012.9,2,1,26.3,34.8,No
3/4/2017,PerthAirport,23.4,35.7,0,9,11.6,SE,35,ESE,SE,11,15,51,30,1015.7,1012.7,3,3,27,35.5,No
3/5/2017,PerthAirport,21.1,36.1,0,9.2,11.4,E,39,E,S,24,11,54,28,1015.8,1011.9,1,4,25.3,35.1,No
3/6/2017,PerthAirport,18,35.6,0,8,11.8,WSW,31,NNE,W,9,19,53,37,1013.4,1010.4,1,0,26.4,33.7,No
3/7/2017,PerthAirport,16.1,35.3,0,9,10.8,SW,33,NW,SW,6,24,66,40,1013.1,1009,1,7,24.5,34.1,No
3/8/2017,PerthAirport,21.4,35,0,7.4,11.7,ESE,41,ESE,SSW,15,11,54,31,1010.9,1008.1,3,7,25.6,34.1,No
3/9/2017,PerthAirport,17,32.3,0,7.6,11,SE,48,SE,SSE,17,20,65,39,1013,1009.2,5,1,22,31.7,No
3/10/2017,PerthAirport,19.6,30.1,0,7,11.3,SE,50,SE,SE,30,28,58,34,1013.6,1011.2,1,0,22.6,29.6,No
3/11/2017,PerthAirport,15.4,30.4,0,7.4,10.9,ENE,57,E,ESE,37,24,55,26,1016.9,1013.4,2,3,19.6,30.4,No
3/12/2017,PerthAirport,17.9,25.1,0,11.2,0.5,E,54,ENE,W,24,26,47,67,1011.6,1008.6,7,8,20.9,23.1,No
3/13/2017,PerthAirport,20.3,23.8,3.4,2.2,3.9,WNW,46,WNW,WNW,26,28,72,58,1007.4,1008.6,7,7,23.5,22.6,Yes
3/14/2017,PerthAirport,15.2,24,0.8,5,7.3,NW,63,WNW,WNW,28,33,66,51,1011.1,1010.1,6,7,21.1,22.8,No
3/15/2017,PerthAirport,13.5,24.9,1.4,5.8,10.6,SW,43,SSE,SW,24,20,50,28,1019.2,1017.6,4,1,19.9,23.8,Yes
3/16/2017,PerthAirport,11,28.3,0,8,11.1,E,54,ENE,NNE,24,11,48,25,1018.3,1013.3,0,0,19.5,28.3,No
3/17/2017,PerthAirport,9.2,24.8,0,4.8,10.1,W,39,SSW,W,13,24,50,55,1011.3,1010.8,0,3,19.5,22.9,No
3/18/2017,PerthAirport,16.2,20.5,0.4,5.4,0.1,SSW,43,SSW,SSW,28,20,91,56,1017.1,1018.3,8,8,17.3,19.3,No
3/19/2017,PerthAirport,7.9,24.4,0,4,11.2,E,41,SSE,S,17,24,47,25,1024.5,1020.3,1,0,18.3,23.8,No
3/20/2017,PerthAirport,12.1,26.5,0,6.2,10.4,E,46,ENE,SE,33,24,47,29,1020.2,1014.3,0,2,17.4,25.3,No
3/21/2017,PerthAirport,17.3,21.3,0,8,1.2,E,78,E,E,41,44,49,79,1009.8,1005.1,7,7,18.9,17.6,No
3/22/2017,PerthAirport,15.8,24.7,4.8,2.6,7.4,NE,54,NW,NW,30,30,72,62,1007.9,1008,5,5,20.4,22.6,Yes
3/23/2017,PerthAirport,16.5,24.6,0.4,4.6,9.6,SW,43,SSW,WSW,17,28,73,50,1013.6,1012.3,5,5,20.4,23.9,No
3/24/2017,PerthAirport,14.5,27.3,0,3.4,10.6,WSW,31,SSW,WSW,11,24,69,53,1016.5,1012.3,1,4,20,25.2,No
3/25/2017,PerthAirport,15.5,28.2,0,5.6,10.9,E,39,E,WSW,22,17,60,51,1012.4,1008.5,1,1,21.2,25.6,No
3/26/2017,PerthAirport,16,22.9,1.8,5.6,9.4,WSW,56,WSW,SW,35,37,50,44,1013.3,1015.8,3,4,19.7,20.5,Yes
3/27/2017,PerthAirport,6.3,24,0,6.2,10.3,SSW,37,NNE,SW,7,19,53,31,1023.8,1019.6,1,5,16.8,23.7,No
3/28/2017,PerthAirport,6.9,23.5,0,5.4,7.8,SW,39,N,SW,6,24,62,58,1019.6,1017.4,2,6,17.3,21.9,No
3/29/2017,PerthAirport,12.7,24.9,0,4,11,ESE,50,ESE,ESE,31,28,44,20,1025.1,1021.7,0,0,16.8,24.2,No
3/30/2017,PerthAirport,12.9,28.1,0,7.4,11.1,E,54,ENE,SSE,30,9,41,24,1023.4,1020,0,0,18,27.7,No
3/31/2017,PerthAirport,10.7,29.9,0,6.2,10.9,ESE,54,ENE,E,13,17,35,19,1023,1020.5,1,0,20.7,29.3,No
4/1/2017,PerthAirport,14.7,30.1,0,8.2,10.8,E,56,E,E,31,17,49,19,1024,1020.3,0,0,19.6,30.1,No
4/2/2017,PerthAirport,17.1,31.7,0,8,10.9,ENE,39,ENE,S,22,11,31,17,1021.7,1018.6,0,0,23.5,31,No
4/3/2017,PerthAirport,11.1,32.6,0,6.8,10.8,ESE,43,ENE,WSW,13,22,32,14,1022.7,1020.5,0,0,23.6,32.2,No
4/4/2017,PerthAirport,15.9,31,0,7,10.7,E,43,E,SSW,28,13,61,27,1024.9,1020.1,0,0,19.5,30.6,No
4/5/2017,PerthAirport,12.6,30.6,0,5.2,10.6,ENE,33,E,W,11,15,49,30,1018.2,1013.3,0,0,22,29.6,No
4/6/2017,PerthAirport,10.3,25.2,0,5.2,8.1,SW,50,NNE,SW,7,30,75,53,1013.1,1011.3,7,3,18,24,No
4/7/2017,PerthAirport,14.3,23,0,5.4,8.9,SSE,37,SE,ESE,20,11,48,30,1023.7,1021.6,5,3,17.3,21.2,No
4/8/2017,PerthAirport,7.9,24.4,0,5,10.5,SW,33,SW,SSW,7,19,47,27,1027.6,1024.3,0,0,16.7,23.4,No
4/9/2017,PerthAirport,9.9,27.3,0,4.8,10.4,ENE,46,ENE,ENE,24,13,53,22,1027.6,1023.1,0,0,17.7,27.2,No
4/10/2017,PerthAirport,14.3,29.7,0,5.6,10.4,ESE,31,ENE,NNE,20,9,43,17,1022.7,1018.4,4,1,19.1,29.3,No
4/11/2017,PerthAirport,13.2,28.5,0,6.6,10.5,E,39,NE,WSW,19,20,35,30,1016.7,1015.6,0,0,21,26.6,No
4/12/2017,PerthAirport,7.2,24.8,0,5.2,9.7,WSW,43,ENE,WSW,17,28,62,44,1021.6,1019.7,6,1,17.6,23.6,No
4/13/2017,PerthAirport,12.9,28,0,4.2,10.4,E,39,E,SE,24,15,59,31,1024.3,1019.9,1,1,20.1,27.2,No
4/14/2017,PerthAirport,13.5,29.4,0,5.8,6.2,E,30,ESE,SW,6,15,62,31,1019.4,1015.2,4,5,18.7,28.6,No
4/15/2017,PerthAirport,11.9,30.1,0,4,7.3,SE,50,SSW,ESE,9,19,69,34,1015.8,1011.5,6,7,18.6,29.4,No
4/16/2017,PerthAirport,17.4,26.4,0,5.4,7,ESE,46,SE,SSE,19,20,63,40,1014.8,1011.3,4,5,18.9,26,No
4/17/2017,PerthAirport,14.5,22.2,0,5,2.5,S,33,S,S,22,19,74,56,1015.3,1013.2,5,8,16.9,21.4,No
4/18/2017,PerthAirport,11.4,24.4,0,4,8,W,35,SSE,WSW,9,24,67,59,1012.8,1010,6,1,19.9,23.3,No
4/19/2017,PerthAirport,11.8,25.8,0,2.4,10.1,SW,31,NNE,WSW,7,24,77,47,1018.5,1017.3,0,2,17.4,24.1,No
4/20/2017,PerthAirport,9.1,29.2,0,5.6,10.3,WSW,33,E,WSW,11,20,58,30,1021.7,1017.9,0,2,19.9,28.3,No
4/21/2017,PerthAirport,11.2,29.6,0,4,10,ENE,35,NNE,W,9,20,54,40,1020.2,1016.9,7,6,21.6,28,No
4/22/2017,PerthAirport,15.1,28.7,0,4.4,10,ESE,48,ENE,WSW,24,19,57,38,1019.8,1017,3,6,21.7,28.4,No
4/23/2017,PerthAirport,16.7,28.6,0,5.4,10.3,ESE,52,E,SE,24,24,62,36,1020.7,1017,3,5,20.9,27.9,No
4/24/2017,PerthAirport,14.5,27,0,6,10.3,E,43,ENE,WSW,19,22,63,42,1022.4,1019,1,1,18.8,25.1,No
4/25/2017,PerthAirport,12.1,24.6,0,5,10.2,S,31,S,SE,15,11,63,36,1026.8,1023.4,1,1,16.6,24.1,No
4/26/2017,PerthAirport,6.5,25.9,0,1.4,8.8,SSW,33,E,WSW,20,20,49,30,1027.7,1024,1,6,17.6,25.1,No
4/27/2017,PerthAirport,12.4,26.3,0,4.4,10,SSW,33,ENE,W,20,17,46,26,1027.1,1023.2,1,1,18.5,25.3,No
4/28/2017,PerthAirport,9.3,26.8,0,4,10,SE,44,NE,S,11,13,40,21,1026.3,1022.8,1,0,19.1,26.4,No
4/29/2017,PerthAirport,6.8,27.6,0,5,10,ENE,35,ENE,SW,22,13,38,22,1024.2,1020.5,0,0,18.1,26.8,No
4/30/2017,PerthAirport,6.2,25.2,0,4.2,9.3,S,37,,SSW,0,24,57,52,1023,1020.4,4,4,15.7,23.2,No
5/1/2017,PerthAirport,13.8,24.7,0,4.2,9.5,ENE,50,ENE,SSW,35,9,57,33,1026,1023.3,4,1,16.2,24.3,No
5/2/2017,PerthAirport,11.6,26.8,0,5.4,8,E,48,ENE,ENE,24,13,49,29,1025.8,1021.4,3,5,16.3,26.2,No
5/3/2017,PerthAirport,15.4,30.5,0,4,9,NNE,41,NNE,W,28,19,38,30,1020.6,1017.4,6,7,21.2,26.6,No
5/4/2017,PerthAirport,13.1,24.6,0,3.6,5.8,NW,33,NNE,W,13,19,77,58,1018.5,1017.1,7,7,18.3,22.9,No
5/5/2017,PerthAirport,15.2,24.3,7.6,2.2,8.6,W,33,,W,0,17,85,52,1022.1,1021.7,4,2,19.9,23.3,Yes
5/6/2017,PerthAirport,12.4,26.8,0,3.4,9.5,ENE,33,E,E,22,13,76,34,1027.5,1024.4,6,5,16.5,25.7,No
5/7/2017,PerthAirport,12.5,30.9,0,4,9.7,NE,35,ENE,SW,24,13,51,23,1023.9,1020,0,0,19.8,29.9,No
5/8/2017,PerthAirport,12.9,28.2,0,4,7.8,W,28,NNE,WNW,13,19,49,62,1020.7,1016.9,7,7,19.2,24.4,No
5/9/2017,PerthAirport,16.9,21.2,1.4,2,2,SSW,35,S,SW,13,22,83,50,1019.8,1019.5,7,7,18.2,20.2,Yes
5/10/2017,PerthAirport,6.2,21.7,0.2,6.8,8.8,E,39,NW,S,7,17,55,34,1023.3,1020.6,3,5,16.3,20.8,No
5/11/2017,PerthAirport,9.1,22.6,0,3.2,7.6,SSE,35,SE,SSE,7,15,62,35,1023.2,1019.7,2,4,16.2,20.5,No
5/12/2017,PerthAirport,10.1,22.6,0,3.2,9.1,ENE,37,E,WNW,17,9,74,33,1022.1,1018.5,4,3,13.2,21.9,No
5/13/2017,PerthAirport,9.5,23.3,0,2.8,7.2,NE,30,ENE,WSW,13,19,55,39,1020.4,1018.6,0,7,15.5,21.5,No
5/14/2017,PerthAirport,11.5,25.9,0,4.2,6.2,NW,50,NNE,NW,22,33,38,52,1013.2,1009.1,7,7,19.4,22.6,No
5/15/2017,PerthAirport,15.5,20.9,3.4,3.2,4.2,WNW,76,W,WSW,26,24,58,62,1008.3,1008.3,4,4,19.4,18.6,Yes
5/16/2017,PerthAirport,14.4,21.8,6,3.6,6.1,W,35,S,SSW,13,17,83,51,1015.4,1015.4,7,4,15.7,20.1,Yes
5/17/2017,PerthAirport,9.4,20.2,0,2.2,9.5,ENE,46,E,ENE,22,24,78,52,1021.8,1019.8,1,1,14.8,19.5,No
5/18/2017,PerthAirport,12.3,25.6,0,2.8,9.1,NNE,39,NNE,NW,24,30,54,28,1019.3,1016.6,3,1,17.2,24.4,No
5/19/2017,PerthAirport,13.9,22.2,1.6,3.6,4.1,SW,52,NNE,W,15,24,96,62,1014.4,1011.3,8,5,16.5,20.9,Yes
5/20/2017,PerthAirport,9.8,17,7.4,4,1.4,NNE,28,ENE,ENE,9,9,84,79,1015,1011.7,8,7,12.9,15.1,Yes
5/21/2017,PerthAirport,11.8,17.7,14.2,1.4,4.3,WSW,54,WSW,SW,24,30,90,54,1006.6,1009.3,7,5,14.8,17,Yes
5/22/2017,PerthAirport,7.9,19.2,4,2.2,6,WNW,30,NE,WSW,7,13,87,57,1019.9,1019.7,7,6,12.5,17.4,Yes
5/23/2017,PerthAirport,12.1,17.8,3.8,2.2,0.2,NE,20,NNE,N,13,9,97,86,1023.3,1021.2,8,7,14.2,17.2,Yes
5/24/2017,PerthAirport,11.6,21.2,0.2,1.2,8,WNW,30,NNE,WSW,9,15,89,51,1022.7,1020.3,1,3,15.2,20.4,No
5/25/2017,PerthAirport,8.3,22.5,0,2,9.4,WNW,28,NE,WSW,11,15,76,41,1022.3,1018.8,1,1,14.4,21.6,No
5/26/2017,PerthAirport,9.7,19.9,3.8,2.8,6.7,SSW,31,SE,S,4,17,89,55,1021.2,1020.3,0,3,15.9,18.1,Yes
5/27/2017,PerthAirport,7.1,18.5,0,2.2,9,ESE,26,SSW,E,11,9,61,43,1026.3,1024.3,1,2,13.8,18,No
5/28/2017,PerthAirport,4.7,19.5,0,2.2,9.2,ENE,30,ENE,ENE,19,9,76,45,1027.6,1024.2,0,2,12,19,No
5/29/2017,PerthAirport,7.6,21.4,0,2.4,8.6,E,43,ENE,E,17,13,64,37,1026.3,1022.6,1,0,11.8,21.2,No
5/30/2017,PerthAirport,11.4,25.4,0,3.6,8.2,ENE,37,NE,W,17,13,48,34,1023,1020.2,2,7,16.5,23.7,No
5/31/2017,PerthAirport,7.7,25.7,0,3,8,NE,28,NE,W,7,15,56,33,1022,1019.7,7,1,16.1,24.9,No
6/1/2017,PerthAirport,7.4,23.3,0,2.4,7.7,SW,24,N,SW,9,15,80,55,1022.1,1021.4,7,2,12.1,22.5,No
6/2/2017,PerthAirport,8.3,24.2,0,2.2,8.1,W,30,NNE,WNW,11,20,78,57,1025,1023.1,1,3,14.7,22.5,No
6/3/2017,PerthAirport,9.1,23.1,0,1.4,7.7,SSW,28,N,S,13,9,86,57,1027.8,1025.3,5,7,14.7,22.9,No
6/4/2017,PerthAirport,12.8,22.6,0,1.8,9.1,ENE,31,S,SSW,9,13,77,52,1029.6,1025.8,1,1,16.3,22.5,No
6/5/2017,PerthAirport,10.1,25.3,0,1.8,9.2,ENE,31,ENE,NNE,20,9,71,30,1027.4,1023.6,0,1,15,24.9,No
6/6/2017,PerthAirport,9.2,25.2,0,2.4,7.7,N,41,NE,N,15,13,38,13,1024.3,1020.7,1,6,17.9,24.5,No
6/7/2017,PerthAirport,5,22.8,0,4.4,9.1,SE,31,N,SE,4,11,68,39,1026.8,1025.4,0,0,12.4,22.5,No
6/8/2017,PerthAirport,9.9,22.5,0,2.2,9.2,ENE,48,ENE,E,26,20,75,25,1030.7,1027.2,1,0,13,22.1,No
6/9/2017,PerthAirport,7.7,24.1,0,4.8,9.3,NE,37,NE,NNE,22,19,27,14,1029.8,1026.3,1,1,15.8,23.8,No
6/10/2017,PerthAirport,7.7,20.8,0,3.8,1.9,NNE,33,ENE,ENE,17,15,33,25,1026.9,1023.8,7,7,14.7,20.4,No
6/11/2017,PerthAirport,11.4,23.5,0,3.2,4.5,ENE,41,ENE,NE,20,22,33,14,1023.9,1021.2,7,7,13.6,23.4,No
6/12/2017,PerthAirport,10.1,24,0,3.8,7.6,NNE,39,ENE,NE,24,19,26,22,1021.6,1018.5,7,1,16.7,23.7,No
6/13/2017,PerthAirport,10.8,24.8,0,3.4,5.6,NE,28,NE,W,15,15,35,24,1016.8,1014.5,3,7,15,22.4,No
6/14/2017,PerthAirport,12.1,20.4,14.6,3.4,4.3,E,37,E,ENE,9,9,83,63,1019.9,1018.6,6,7,14.2,19.4,Yes
6/15/2017,PerthAirport,9.9,19.3,0,3.2,6.5,SSW,24,ENE,ESE,2,13,87,65,1024.6,1023.6,2,5,14.7,18.1,No
6/16/2017,PerthAirport,6.6,20.8,0,1,8.3,S,22,ENE,SSW,9,9,85,43,1027.4,1024.6,1,2,12.1,20.2,No
6/17/2017,PerthAirport,5,21.7,0,2.4,9,E,39,ENE,E,13,13,78,47,1029.2,1026.1,1,1,13.1,21.5,No
6/18/2017,PerthAirport,10,23.3,0,1.8,9.2,NE,35,ENE,WSW,17,9,61,39,1027,1022.8,0,0,14.1,22.4,No
6/19/2017,PerthAirport,7.8,22.9,0,3,9.1,WSW,20,NNE,WSW,9,11,62,38,1023.1,1020.2,1,2,12.9,22.2,No
6/20/2017,PerthAirport,10.6,23,0,2.8,9.1,ENE,31,ENE,WNW,17,17,76,47,1019.4,1015.9,1,1,14,21.5,No
6/21/2017,PerthAirport,9.9,20.7,0,1.8,7.5,NW,46,NNE,NW,11,31,84,49,1017.2,1013.8,5,6,13.8,19.2,No
6/22/2017,PerthAirport,12.6,16.6,37.8,3.6,0,N,65,WNW,WSW,30,24,90,75,1005.6,1008.7,7,7,16.2,15.7,Yes
6/23/2017,PerthAirport,13.4,19.2,0,1.8,6.5,ESE,54,SE,SE,19,28,80,60,1019.1,1019.5,6,6,15.5,19,No
6/24/2017,PerthAirport,11,18.4,0,3.8,9.3,ESE,44,E,SE,11,24,60,45,1025.8,1023.5,1,3,13.7,17.5,No
6/25/2017,PerthAirport,4.9,16.8,0,1.6,7.9,E,39,E,ESE,11,17,69,44,1028.5,1026,1,3,12,16.2,No
